-- MySQL dump 10.13  Distrib 5.7.12, for Win64 (x86_64)
--
-- Host: localhost    Database: eapi
-- ------------------------------------------------------
-- Server version	5.7.19-log

/*!40101 SET @OLD_CHARACTER_SET_CLIENT=@@CHARACTER_SET_CLIENT */;
/*!40101 SET @OLD_CHARACTER_SET_RESULTS=@@CHARACTER_SET_RESULTS */;
/*!40101 SET @OLD_COLLATION_CONNECTION=@@COLLATION_CONNECTION */;
/*!40101 SET NAMES utf8 */;
/*!40103 SET @OLD_TIME_ZONE=@@TIME_ZONE */;
/*!40103 SET TIME_ZONE='+00:00' */;
/*!40014 SET @OLD_UNIQUE_CHECKS=@@UNIQUE_CHECKS, UNIQUE_CHECKS=0 */;
/*!40014 SET @OLD_FOREIGN_KEY_CHECKS=@@FOREIGN_KEY_CHECKS, FOREIGN_KEY_CHECKS=0 */;
/*!40101 SET @OLD_SQL_MODE=@@SQL_MODE, SQL_MODE='NO_AUTO_VALUE_ON_ZERO' */;
/*!40111 SET @OLD_SQL_NOTES=@@SQL_NOTES, SQL_NOTES=0 */;

--
-- Table structure for table `migrations`
--

DROP TABLE IF EXISTS `migrations`;
/*!40101 SET @saved_cs_client     = @@character_set_client */;
/*!40101 SET character_set_client = utf8 */;
CREATE TABLE `migrations` (
  `id` int(10) unsigned NOT NULL AUTO_INCREMENT,
  `migration` varchar(255) COLLATE utf8mb4_unicode_ci NOT NULL,
  `batch` int(11) NOT NULL,
  PRIMARY KEY (`id`)
) ENGINE=InnoDB AUTO_INCREMENT=5 DEFAULT CHARSET=utf8mb4 COLLATE=utf8mb4_unicode_ci;
/*!40101 SET character_set_client = @saved_cs_client */;

--
-- Dumping data for table `migrations`
--

LOCK TABLES `migrations` WRITE;
/*!40000 ALTER TABLE `migrations` DISABLE KEYS */;
INSERT INTO `migrations` VALUES (1,'2014_10_12_000000_create_users_table',1),(2,'2014_10_12_100000_create_password_resets_table',1),(3,'2018_04_22_074211_create_products_table',1),(4,'2018_04_22_074230_create_reviews_table',1);
/*!40000 ALTER TABLE `migrations` ENABLE KEYS */;
UNLOCK TABLES;

--
-- Table structure for table `password_resets`
--

DROP TABLE IF EXISTS `password_resets`;
/*!40101 SET @saved_cs_client     = @@character_set_client */;
/*!40101 SET character_set_client = utf8 */;
CREATE TABLE `password_resets` (
  `email` varchar(255) COLLATE utf8mb4_unicode_ci NOT NULL,
  `token` varchar(255) COLLATE utf8mb4_unicode_ci NOT NULL,
  `created_at` timestamp NULL DEFAULT NULL,
  KEY `password_resets_email_index` (`email`)
) ENGINE=InnoDB DEFAULT CHARSET=utf8mb4 COLLATE=utf8mb4_unicode_ci;
/*!40101 SET character_set_client = @saved_cs_client */;

--
-- Dumping data for table `password_resets`
--

LOCK TABLES `password_resets` WRITE;
/*!40000 ALTER TABLE `password_resets` DISABLE KEYS */;
/*!40000 ALTER TABLE `password_resets` ENABLE KEYS */;
UNLOCK TABLES;

--
-- Table structure for table `products`
--

DROP TABLE IF EXISTS `products`;
/*!40101 SET @saved_cs_client     = @@character_set_client */;
/*!40101 SET character_set_client = utf8 */;
CREATE TABLE `products` (
  `id` int(10) unsigned NOT NULL AUTO_INCREMENT,
  `name` varchar(255) COLLATE utf8mb4_unicode_ci NOT NULL,
  `detail` text COLLATE utf8mb4_unicode_ci NOT NULL,
  `price` int(11) NOT NULL,
  `stock` int(11) NOT NULL,
  `discount` int(11) NOT NULL,
  `created_at` timestamp NULL DEFAULT NULL,
  `updated_at` timestamp NULL DEFAULT NULL,
  PRIMARY KEY (`id`)
) ENGINE=InnoDB AUTO_INCREMENT=101 DEFAULT CHARSET=utf8mb4 COLLATE=utf8mb4_unicode_ci;
/*!40101 SET character_set_client = @saved_cs_client */;

--
-- Dumping data for table `products`
--

LOCK TABLES `products` WRITE;
/*!40000 ALTER TABLE `products` DISABLE KEYS */;
INSERT INTO `products` VALUES (1,'quas','Sit non saepe quod quos. Nostrum sed sit incidunt consequatur ab. Distinctio amet sed consequatur totam. Exercitationem veniam omnis fugiat est atque omnis. Doloremque maiores repudiandae nobis.',349,5,24,'2018-04-22 01:29:12','2018-04-22 01:29:12'),(2,'impedit','Aliquid cum ut explicabo et. Ipsam corporis quis tempora assumenda. Officiis quae pariatur eaque eum enim.',274,5,16,'2018-04-22 01:29:12','2018-04-22 01:29:12'),(3,'in','Molestias provident dolor eaque tempora voluptatem nobis fugiat. Et id qui sed ea sit. Aut eligendi aut exercitationem nostrum corporis sed.',246,3,30,'2018-04-22 01:29:12','2018-04-22 01:29:12'),(4,'voluptatem','Impedit quia molestiae asperiores ut inventore sint est. Aliquid perferendis enim enim et tempore quia. Inventore odio omnis et consequatur ipsa minus nihil. Aliquam tempore sed quia nemo labore.',653,6,13,'2018-04-22 01:29:12','2018-04-22 01:29:12'),(5,'aspernatur','Quis quia soluta facilis dicta blanditiis officiis alias labore. Est dignissimos iste explicabo qui. Molestias iure pariatur commodi. Ut animi assumenda deserunt voluptatem praesentium quo qui aliquam.',739,7,13,'2018-04-22 01:29:12','2018-04-22 01:29:12'),(6,'quia','Vitae in omnis esse eveniet iure. Et distinctio officia blanditiis eius. Soluta aut ipsum aut omnis. In veniam sequi officiis aut quidem.',776,6,16,'2018-04-22 01:29:12','2018-04-22 01:29:12'),(7,'iste','Praesentium maiores suscipit sed quaerat. Id recusandae aperiam doloremque quae expedita. Impedit et voluptatem consectetur repellat. Et natus debitis quam sed sit quibusdam quibusdam.',817,0,18,'2018-04-22 01:29:12','2018-04-22 01:29:12'),(8,'nihil','Repudiandae dolor id eos quia est optio. Optio quae id architecto architecto mollitia. Et dolorem corporis aliquid nemo tenetur sit est. Atque optio quis voluptatum officia aut aperiam laudantium.',670,1,20,'2018-04-22 01:29:12','2018-04-22 01:29:12'),(9,'quibusdam','Impedit amet ab optio quae. Excepturi facilis necessitatibus ipsam inventore voluptatem odit est. Repellendus aspernatur sed est omnis. Delectus sapiente itaque autem ut eligendi iure alias.',744,4,18,'2018-04-22 01:29:12','2018-04-22 01:29:12'),(10,'optio','Et non maxime quo nobis quod. Cumque laboriosam qui quos pariatur aliquid. Dolor libero a eum dolorum dolorem est alias et. Iusto facilis dolorem accusantium fugiat soluta minus explicabo.',217,1,4,'2018-04-22 01:29:12','2018-04-22 01:29:12'),(11,'accusantium','Nostrum incidunt non sed velit enim consectetur. Non minima ut rerum veniam cum.',510,2,3,'2018-04-22 01:29:12','2018-04-22 01:29:12'),(12,'sapiente','Assumenda fugiat odit voluptatem quasi perspiciatis. Doloribus beatae autem voluptas ad consequatur maiores. Voluptatum architecto expedita unde rem. Dolorem quisquam nisi enim et ad distinctio. Ullam perspiciatis placeat eum maiores sit.',233,1,6,'2018-04-22 01:29:12','2018-04-22 01:29:12'),(13,'porro','Consequatur natus sit ipsa neque. Quae ex hic praesentium amet animi qui. Sit nihil ratione in dolore atque explicabo. A exercitationem maxime et maxime aut dolor.',803,4,24,'2018-04-22 01:29:12','2018-04-22 01:29:12'),(14,'temporibus','Enim eius autem dolore voluptates. Quam accusamus harum eaque in illo non. Aut nulla ab eos tempora qui culpa. Ea aliquid quidem et sunt eum perspiciatis id.',925,6,7,'2018-04-22 01:29:12','2018-04-22 01:29:12'),(15,'iure','Provident maxime autem est ipsa consequatur maiores maiores. Expedita similique quam voluptate praesentium. Quasi ea corporis eum nihil error et.',311,9,24,'2018-04-22 01:29:12','2018-04-22 01:29:12'),(16,'voluptas','Porro nulla voluptas impedit. Voluptatem magni aut soluta quaerat neque doloribus. Sed quia est magnam laborum eum et porro. Impedit id nesciunt exercitationem.',621,6,18,'2018-04-22 01:29:12','2018-04-22 01:29:12'),(17,'sunt','Iste autem autem delectus nostrum quaerat. Et quas aut ratione voluptatum nobis voluptas veritatis. Enim consequuntur deserunt similique quia quia laudantium sequi. Eaque non incidunt totam eum accusantium quam et.',433,3,17,'2018-04-22 01:29:12','2018-04-22 01:29:12'),(18,'ut','Alias consectetur consectetur atque. Vitae et eos autem consequatur. Sit corporis adipisci dolores asperiores.',917,5,2,'2018-04-22 01:29:12','2018-04-22 01:29:12'),(19,'vel','Impedit ipsum quis vero enim ullam excepturi voluptatem. Et molestias ducimus et cum ut voluptatem nulla. Rem nulla ea quasi quia quia fugit temporibus. Aut aliquam dolorem est cupiditate aperiam necessitatibus.',726,6,4,'2018-04-22 01:29:12','2018-04-22 01:29:12'),(20,'ut','Quibusdam consectetur ut quidem est rerum. Dolor enim hic excepturi eos expedita ea rerum quasi. Deserunt recusandae quia enim excepturi qui dolor veniam cumque.',329,3,5,'2018-04-22 01:29:12','2018-04-22 01:29:12'),(21,'fuga','Numquam et qui a. Porro quia fuga provident nihil autem. Aut voluptatem voluptas quaerat voluptatum hic unde sit nostrum. Sapiente nostrum nulla perferendis id voluptas asperiores.',609,9,9,'2018-04-22 01:29:12','2018-04-22 01:29:12'),(22,'rerum','Autem ipsa ut consectetur. Est consequatur saepe nemo veniam autem. Voluptatem ducimus deserunt eum rem sint fugit. Aut quos magni veritatis nulla temporibus.',858,9,30,'2018-04-22 01:29:12','2018-04-22 01:29:12'),(23,'vel','Dolore molestiae quo omnis dolorem voluptatem. Repudiandae quisquam corporis aperiam recusandae. Autem facilis quasi id dolores. Placeat ut blanditiis laborum. Quasi at accusamus id hic est porro tempore.',166,2,25,'2018-04-22 01:29:12','2018-04-22 01:29:12'),(24,'sint','Voluptates eaque enim doloremque debitis ipsam nesciunt. Nihil ea odio tempora velit corporis dolore repellat. Rerum quas culpa et sed.',206,5,14,'2018-04-22 01:29:12','2018-04-22 01:29:12'),(25,'consequatur','Soluta eius est ab aliquid. Nam adipisci provident et. Amet porro eligendi voluptatum maxime qui. Corporis omnis velit consequatur est ut quia alias. Temporibus iure et doloremque nesciunt.',152,1,25,'2018-04-22 01:29:12','2018-04-22 01:29:12'),(26,'impedit','Soluta quibusdam corporis et veniam sunt. Est dolor voluptas reprehenderit illum quis. Aliquid iusto dicta harum et eius quis nesciunt.',745,2,11,'2018-04-22 01:29:12','2018-04-22 01:29:12'),(27,'exercitationem','Modi enim et sunt at ab. Illo culpa necessitatibus qui excepturi ea nulla nulla totam. Cumque culpa quisquam in ipsa expedita quia repellat. Sapiente veniam a quidem ea sit perferendis.',884,8,9,'2018-04-22 01:29:12','2018-04-22 01:29:12'),(28,'a','Voluptates accusantium quia magni deleniti aut distinctio est. Sed deserunt natus tempore illo quisquam laborum pariatur. Beatae dolorem reprehenderit est.',263,5,28,'2018-04-22 01:29:12','2018-04-22 01:29:12'),(29,'est','Totam dolor dignissimos id eaque. Numquam reiciendis est accusamus dignissimos corrupti totam. Sapiente quia necessitatibus totam quidem dolor eos exercitationem.',915,5,19,'2018-04-22 01:29:12','2018-04-22 01:29:12'),(30,'doloribus','Itaque et est et consequatur soluta sed. Qui et facilis consequatur ratione minus sed voluptatum. Quo soluta qui qui delectus molestias.',1000,5,7,'2018-04-22 01:29:12','2018-04-22 01:29:12'),(31,'maiores','Optio in aspernatur illo minus. Cum omnis molestiae qui enim nulla harum iure. Excepturi nihil iure et illo. Laudantium quo alias dolorem iusto. Aut ratione unde sint sequi et.',479,2,21,'2018-04-22 01:29:12','2018-04-22 01:29:12'),(32,'eveniet','Qui explicabo suscipit nisi in facilis. Et nisi error quis placeat aut voluptatum voluptatum. Officiis minus ut laborum est ipsam quia. Et voluptates rem voluptatem ex.',259,1,22,'2018-04-22 01:29:12','2018-04-22 01:29:12'),(33,'unde','Reiciendis fugiat adipisci soluta sunt quia. Ratione qui eligendi corrupti quae nesciunt. Est hic magni aliquam quos blanditiis autem aut cum. Aut illum ipsam ullam et sunt explicabo qui ea.',867,7,6,'2018-04-22 01:29:12','2018-04-22 01:29:12'),(34,'ut','Ducimus voluptatem vel dicta sunt. Totam in reprehenderit ad rerum vitae officiis dolor. Quaerat consequuntur ullam occaecati iure.',138,8,8,'2018-04-22 01:29:12','2018-04-22 01:29:12'),(35,'alias','Et enim libero animi. Sapiente ut rerum in rerum quia nulla. Et placeat aut vel recusandae aut eligendi.',805,5,3,'2018-04-22 01:29:12','2018-04-22 01:29:12'),(36,'sunt','Occaecati molestias aut quos fugit quia aliquid ducimus aspernatur. Id soluta molestias voluptatem maiores nesciunt. Rerum eius distinctio eius dolorum doloribus ullam dolor doloremque. Placeat libero accusantium voluptatem harum voluptatem et corrupti.',334,5,26,'2018-04-22 01:29:12','2018-04-22 01:29:12'),(37,'maiores','Ipsa earum et sed eaque. Ut facilis et odit quod sit. Non et eos ut quis.',100,7,28,'2018-04-22 01:29:12','2018-04-22 01:29:12'),(38,'veniam','Molestiae itaque voluptas quae et qui. Nostrum dolor voluptatibus velit ea totam natus. Ut magnam eum omnis voluptates. Qui corrupti ullam autem ipsa.',586,6,5,'2018-04-22 01:29:12','2018-04-22 01:29:12'),(39,'id','Expedita et quis eligendi natus esse. Quod amet sunt aliquam commodi error ut voluptates. Autem omnis rem blanditiis non voluptates pariatur non. Enim placeat voluptatum laboriosam provident. In laborum expedita saepe tempora velit illum architecto.',399,5,28,'2018-04-22 01:29:12','2018-04-22 01:29:12'),(40,'et','Molestiae odit iusto nihil ex. Veritatis est tenetur laudantium suscipit corporis unde. Accusamus et ab enim ut architecto.',587,1,18,'2018-04-22 01:29:12','2018-04-22 01:29:12'),(41,'ut','Nulla quas aliquam eos vitae. Qui optio quibusdam est velit commodi.',817,1,24,'2018-04-22 01:29:12','2018-04-22 01:29:12'),(42,'neque','Suscipit in mollitia voluptatem nesciunt. Minima omnis possimus itaque molestiae. Sunt ea sequi excepturi atque.',938,0,3,'2018-04-22 01:29:12','2018-04-22 01:29:12'),(43,'asperiores','Omnis reiciendis ad reprehenderit est doloremque nihil omnis. Consequatur optio aut consequuntur ex sit. Iure sed itaque vel id quos. Unde aspernatur porro id animi.',654,2,28,'2018-04-22 01:29:12','2018-04-22 01:29:12'),(44,'tempora','Voluptatem neque dolorum expedita ullam. Est fuga quam accusamus. Maxime repellat placeat officiis fugit. Laboriosam facilis consectetur voluptas animi nobis at corporis.',703,8,5,'2018-04-22 01:29:12','2018-04-22 01:29:12'),(45,'aut','Pariatur eaque et aut. Laboriosam impedit quo iure est sit quasi. Numquam aut labore blanditiis.',193,8,5,'2018-04-22 01:29:12','2018-04-22 01:29:12'),(46,'asperiores','Impedit praesentium eum atque dolorem harum voluptas. Tempore velit est et eius. Quod id aliquid repellat qui magnam rem.',614,9,15,'2018-04-22 01:29:12','2018-04-22 01:29:12'),(47,'corrupti','Optio et recusandae assumenda deleniti quo quam ut. Quis eum non porro nihil ut. Dolor quam cupiditate qui reprehenderit voluptatum sapiente. Et harum in vitae odit sit quam.',289,7,25,'2018-04-22 01:29:12','2018-04-22 01:29:12'),(48,'sit','Nihil veniam nostrum vel sed molestiae qui. Sapiente ex placeat aliquam unde reprehenderit rem. Voluptatum voluptas ex unde culpa.',522,5,11,'2018-04-22 01:29:12','2018-04-22 01:29:12'),(49,'quisquam','Temporibus cum ab ut tempore dolore neque blanditiis ut. Dolor corporis aut eum voluptatem cupiditate. Nihil nisi alias aut repellat quis sint.',789,8,10,'2018-04-22 01:29:12','2018-04-22 01:29:12'),(50,'delectus','Tempora soluta aperiam voluptas ad corporis dicta. Iusto libero dolorem odio eligendi soluta facere. Rerum et accusamus unde qui voluptatibus nihil soluta temporibus. Ex at sed quas libero non.',184,7,14,'2018-04-22 01:29:12','2018-04-22 01:29:12'),(51,'ea','Molestiae asperiores eligendi eligendi blanditiis. Unde tenetur voluptatum consectetur enim tempore vel. Repudiandae quo quis voluptates velit. Ut excepturi consequuntur quia porro distinctio quibusdam.',710,0,27,'2018-04-22 01:31:43','2018-04-22 01:31:43'),(52,'sapiente','Aut corporis repudiandae nesciunt porro in dolorem. Aperiam id error libero quo a omnis tempore. Odio optio non tempora sed quis quam ut. Dolores animi et in aut totam culpa.',835,2,11,'2018-04-22 01:31:43','2018-04-22 01:31:43'),(53,'error','Iure perferendis consequatur minima vitae. Eius omnis quasi temporibus reiciendis assumenda et iusto. Eius dolorem quia omnis repellat consectetur a provident.',781,9,17,'2018-04-22 01:31:43','2018-04-22 01:31:43'),(54,'voluptatibus','Laborum vero ducimus in. Molestias dolores et repellat nihil consequuntur. Suscipit esse quibusdam cumque illo labore.',380,0,14,'2018-04-22 01:31:43','2018-04-22 01:31:43'),(55,'commodi','Iure ab amet maiores quis et aut tempora. Omnis suscipit dolorem accusantium esse. Magnam voluptatibus aut ullam quia ratione.',854,0,4,'2018-04-22 01:31:43','2018-04-22 01:31:43'),(56,'perspiciatis','Neque facere quisquam dolore dolorem rerum. Est omnis et officia minus consequatur. Enim ut adipisci nihil fugiat animi ut.',182,4,12,'2018-04-22 01:31:43','2018-04-22 01:31:43'),(57,'quaerat','Et saepe aut veniam perspiciatis mollitia. Laudantium eos nostrum ut quo. Vel similique eaque perferendis aut aut. Enim et et et.',177,4,8,'2018-04-22 01:31:43','2018-04-22 01:31:43'),(58,'id','Tenetur quasi laudantium qui sed amet corrupti. Rem corrupti adipisci accusantium. Itaque hic sed et voluptate.',532,6,26,'2018-04-22 01:31:43','2018-04-22 01:31:43'),(59,'et','Voluptatem dolores qui et nemo quas voluptas. Impedit eveniet et omnis labore aut. Doloremque expedita nihil doloribus. Fugiat saepe quod amet eos voluptate quam.',327,8,19,'2018-04-22 01:31:43','2018-04-22 01:31:43'),(60,'esse','Qui inventore a maiores quia doloribus dolor ea. Velit saepe in natus deleniti. Consequuntur et omnis maiores eum ex.',579,2,7,'2018-04-22 01:31:43','2018-04-22 01:31:43'),(61,'qui','Labore rerum dolores aliquid quae fugit voluptate. Sed distinctio fugit natus placeat. Placeat optio magni consequatur possimus voluptatibus deserunt sit tempora. Ab rerum delectus nemo quo tempora velit.',621,6,23,'2018-04-22 01:31:43','2018-04-22 01:31:43'),(62,'qui','Rerum non dolores veritatis provident. Sint dolor ducimus ex. Voluptatibus fugiat cum quis nisi. Soluta est beatae eos officiis eum eligendi.',637,1,16,'2018-04-22 01:31:43','2018-04-22 01:31:43'),(63,'dolor','Dolores vitae voluptas nam nobis nostrum eligendi architecto quos. Ullam aspernatur rem perferendis quas ea. Optio facilis alias rerum est et. Quisquam et voluptatem esse et.',222,2,19,'2018-04-22 01:31:43','2018-04-22 01:31:43'),(64,'voluptate','Voluptatem laudantium eum blanditiis omnis. Temporibus suscipit veritatis voluptatem voluptatem ut nesciunt. Dolorum iure omnis omnis provident. Et voluptatem amet nisi delectus ad. Velit voluptas ut quis doloribus.',460,0,15,'2018-04-22 01:31:43','2018-04-22 01:31:43'),(65,'eos','Aperiam aspernatur odit aut officiis. Soluta commodi beatae qui eveniet sed sed ullam. Sed distinctio odit et ut accusamus incidunt quis. Fuga nesciunt dolorem earum.',640,9,29,'2018-04-22 01:31:43','2018-04-22 01:31:43'),(66,'maiores','Et eos maiores repellat corrupti modi eaque excepturi. Recusandae doloremque odio iure sint ad. Hic eos non sed.',852,1,25,'2018-04-22 01:31:43','2018-04-22 01:31:43'),(67,'dolor','Ut expedita voluptas ratione pariatur. Voluptatem eos impedit sed similique numquam et eos sint. Ea enim omnis fugit architecto.',644,7,28,'2018-04-22 01:31:43','2018-04-22 01:31:43'),(68,'fugit','Iusto impedit aut et eos doloremque. Deserunt quia beatae error deserunt unde. Cupiditate et blanditiis deleniti dolor. Qui alias debitis vero eveniet sed animi.',544,1,12,'2018-04-22 01:31:43','2018-04-22 01:31:43'),(69,'nisi','Illo voluptas aut et in. Beatae tempore facilis labore unde quia assumenda. Fugit quisquam at culpa iusto minima.',927,4,8,'2018-04-22 01:31:43','2018-04-22 01:31:43'),(70,'et','Libero excepturi voluptatum voluptas aut similique et vitae et. Reiciendis in eveniet suscipit laudantium provident. Distinctio corrupti quasi vero unde est voluptas veniam omnis.',870,1,16,'2018-04-22 01:31:43','2018-04-22 01:31:43'),(71,'dicta','Dignissimos quis rerum necessitatibus. Necessitatibus iure et eveniet. Reprehenderit et earum repellat autem qui in esse.',305,8,4,'2018-04-22 01:31:43','2018-04-22 01:31:43'),(72,'est','Aut sed itaque non rem non ipsa. Dolores dolorum delectus consequatur alias necessitatibus et sed. Sunt veritatis quis animi illum cum.',961,6,19,'2018-04-22 01:31:43','2018-04-22 01:31:43'),(73,'a','Perspiciatis dicta maiores aut minima a dolor ut. Ut explicabo veritatis perferendis veritatis suscipit. Officia omnis et quia officia dolor voluptatem. Consequuntur quidem porro inventore necessitatibus qui itaque.',324,9,27,'2018-04-22 01:31:43','2018-04-22 01:31:43'),(74,'aliquam','Ut eos quis quos doloremque quae. Quia consequatur est quibusdam neque qui. Et iure tempore suscipit.',289,2,7,'2018-04-22 01:31:43','2018-04-22 01:31:43'),(75,'tempore','Ut a iusto totam quo quas accusamus quibusdam. Non vitae explicabo sint voluptate ut est. Veritatis et et at rem sit enim ut ea. Consequatur ea et voluptatem facilis enim voluptas vitae.',169,9,28,'2018-04-22 01:31:43','2018-04-22 01:31:43'),(76,'quia','Dolorem dolorem quidem eaque distinctio suscipit eum. Aut quis ipsa molestias porro asperiores dicta. Eius a ut iste. Voluptas autem architecto aut. Excepturi porro et consequatur iure expedita voluptatem ut.',500,6,18,'2018-04-22 01:31:43','2018-04-22 01:31:43'),(77,'dignissimos','Exercitationem et dicta provident. Ex molestiae ipsam architecto molestias dolores qui sed ipsum. Voluptas et et quaerat recusandae libero vero dolorem. Earum assumenda ut magnam sunt dolorum sit est dolores.',417,2,13,'2018-04-22 01:31:43','2018-04-22 01:31:43'),(78,'enim','Ut alias a error adipisci ipsa. Ut odio natus vel. Et nihil molestias vero in libero rerum voluptate nihil. Ut molestiae aut velit maiores itaque rerum perspiciatis.',301,1,9,'2018-04-22 01:31:43','2018-04-22 01:31:43'),(79,'ducimus','Consequatur laborum est debitis. Vel beatae ab labore eum est. Voluptatem necessitatibus inventore ipsa sequi pariatur molestias mollitia. Voluptas eaque est temporibus enim placeat pariatur.',184,1,12,'2018-04-22 01:31:43','2018-04-22 01:31:43'),(80,'dignissimos','Sit in aliquam soluta et mollitia natus. Voluptatem quo velit quo temporibus. Laborum maiores dolore dicta et animi incidunt repellendus. Qui est possimus vel cum hic error.',605,5,28,'2018-04-22 01:31:43','2018-04-22 01:31:43'),(81,'consequuntur','Ut in et quis voluptas beatae maiores et. Consequuntur molestiae aut architecto reprehenderit sed autem. Numquam quos numquam sunt.',702,0,22,'2018-04-22 01:31:43','2018-04-22 01:31:43'),(82,'repudiandae','Inventore delectus rerum quo unde deleniti illo voluptas. Ullam sed nobis praesentium iusto ratione sunt dolore. Reiciendis nobis rerum earum error.',353,4,16,'2018-04-22 01:31:43','2018-04-22 01:31:43'),(83,'pariatur','Soluta numquam saepe doloremque consequuntur porro expedita qui. Accusamus nostrum qui temporibus veniam voluptatem officiis facere aut. Incidunt asperiores eveniet quo et quisquam iure quia.',691,0,26,'2018-04-22 01:31:43','2018-04-22 01:31:43'),(84,'ullam','Et numquam aperiam doloribus perspiciatis iusto asperiores incidunt. Reprehenderit tempore aut officia dicta. Et sint sit tenetur tempore sunt optio. At pariatur laudantium maiores est non maxime necessitatibus.',459,8,11,'2018-04-22 01:31:43','2018-04-22 01:31:43'),(85,'voluptate','Omnis est minima et nostrum et. Maxime et et id et. Quod saepe eaque quaerat mollitia ut atque quia. Et et adipisci aut nam.',973,1,20,'2018-04-22 01:31:43','2018-04-22 01:31:43'),(86,'rerum','Voluptatibus non nesciunt et sit sunt facilis qui. Iste iure iste illo quasi architecto est sit.',993,6,30,'2018-04-22 01:31:43','2018-04-22 01:31:43'),(87,'consequatur','In repellendus eveniet dolorem magnam. Aut totam necessitatibus ad nesciunt vel porro. Cumque aut in quo iste et in ut.',489,0,10,'2018-04-22 01:31:43','2018-04-22 01:31:43'),(88,'sunt','Quo error aut in qui illum magnam. Doloribus voluptatem optio velit quam. Recusandae quasi alias totam illo beatae quia. Fuga maiores doloremque rerum saepe qui adipisci.',472,3,11,'2018-04-22 01:31:43','2018-04-22 01:31:43'),(89,'veniam','Velit labore a iusto beatae blanditiis corrupti. Ratione et expedita ut voluptatem fuga sunt natus. Dolor est iusto repellendus illo non est ratione. Suscipit quae et velit dolorum assumenda quae. Adipisci quia iure ex optio.',743,3,15,'2018-04-22 01:31:43','2018-04-22 01:31:43'),(90,'officia','Similique accusantium ex deleniti quas fuga veritatis qui. Sed quos nihil eligendi dolores eius laudantium. Illum aperiam sapiente debitis non eius quo dolor. Maxime labore omnis modi quis sit.',988,0,9,'2018-04-22 01:31:43','2018-04-22 01:31:43'),(91,'eos','Dolores consequuntur eum perspiciatis dolor culpa ipsum fugiat. Quis perspiciatis quibusdam in ipsa. Sequi optio enim quis iure et labore perferendis. Eius aut error sequi nisi at illum.',650,6,19,'2018-04-22 01:31:43','2018-04-22 01:31:43'),(92,'asperiores','Sit minima et culpa consequatur. Alias deleniti autem excepturi quis ea voluptatem. Et modi sit maiores quam numquam.',813,7,23,'2018-04-22 01:31:43','2018-04-22 01:31:43'),(93,'sit','Nesciunt ea molestias doloremque sit. Voluptatum est fugiat et minus quis quis. Pariatur perspiciatis quisquam doloremque nemo.',621,9,10,'2018-04-22 01:31:43','2018-04-22 01:31:43'),(94,'ut','Id sit facilis unde excepturi sapiente quibusdam commodi maiores. Dolor ea dolorum harum et. Harum esse aut quia ab consequatur accusantium repellat. Exercitationem assumenda inventore sed nam.',396,6,21,'2018-04-22 01:31:43','2018-04-22 01:31:43'),(95,'voluptas','Sint maxime aperiam est et voluptas quos explicabo qui. Incidunt asperiores optio qui ipsum. Et quod fuga dolorum aut.',402,6,5,'2018-04-22 01:31:43','2018-04-22 01:31:43'),(96,'deserunt','Sit ratione tempora ipsum voluptatem veniam placeat non. Blanditiis eum distinctio cum sed qui. Nihil omnis at aut ratione. Voluptatem autem voluptatum asperiores velit.',916,4,21,'2018-04-22 01:31:43','2018-04-22 01:31:43'),(97,'sapiente','Molestias sed officia necessitatibus fugit. Odio quaerat sunt nemo officia. Eos consequatur quam blanditiis ullam hic corporis id. Sint veritatis impedit aut harum necessitatibus omnis.',587,4,5,'2018-04-22 01:31:43','2018-04-22 01:31:43'),(98,'et','Molestiae optio eius qui nemo. Itaque eum consectetur at mollitia. Quidem et nostrum est dolore sit. Animi sit quo modi voluptatem omnis.',852,1,10,'2018-04-22 01:31:43','2018-04-22 01:31:43'),(99,'labore','Harum et sint quibusdam est dolorem et ut. Autem quas architecto voluptatem. Qui sunt facilis facilis error quia. Earum qui dolor rerum voluptatum rerum nemo.',856,0,19,'2018-04-22 01:31:43','2018-04-22 01:31:43'),(100,'soluta','Consequuntur autem qui soluta deleniti sed. Pariatur facilis cum doloribus qui ut sequi explicabo. Laudantium harum enim veritatis eligendi eveniet.',247,3,9,'2018-04-22 01:31:43','2018-04-22 01:31:43');
/*!40000 ALTER TABLE `products` ENABLE KEYS */;
UNLOCK TABLES;

--
-- Table structure for table `reviews`
--

DROP TABLE IF EXISTS `reviews`;
/*!40101 SET @saved_cs_client     = @@character_set_client */;
/*!40101 SET character_set_client = utf8 */;
CREATE TABLE `reviews` (
  `id` int(10) unsigned NOT NULL AUTO_INCREMENT,
  `product_id` int(10) unsigned NOT NULL,
  `customer` varchar(255) COLLATE utf8mb4_unicode_ci NOT NULL,
  `review` text COLLATE utf8mb4_unicode_ci NOT NULL,
  `star` int(11) NOT NULL,
  `created_at` timestamp NULL DEFAULT NULL,
  `updated_at` timestamp NULL DEFAULT NULL,
  PRIMARY KEY (`id`),
  KEY `reviews_product_id_index` (`product_id`),
  CONSTRAINT `reviews_product_id_foreign` FOREIGN KEY (`product_id`) REFERENCES `products` (`id`) ON DELETE CASCADE
) ENGINE=InnoDB AUTO_INCREMENT=301 DEFAULT CHARSET=utf8mb4 COLLATE=utf8mb4_unicode_ci;
/*!40101 SET character_set_client = @saved_cs_client */;

--
-- Dumping data for table `reviews`
--

LOCK TABLES `reviews` WRITE;
/*!40000 ALTER TABLE `reviews` DISABLE KEYS */;
INSERT INTO `reviews` VALUES (1,99,'Dr. Conrad Collins','Dignissimos laborum est iure accusantium. Et aperiam ea nulla consequatur consequatur. A et fugiat voluptates fuga in. Dolorem voluptas soluta ut voluptatem iste.',0,'2018-04-22 01:31:45','2018-04-22 01:31:45'),(2,61,'Beatrice Wisoky','Sed libero voluptatem neque inventore. Quibusdam in quia iure sunt qui quo qui. Voluptas suscipit magnam nemo odit. Et recusandae explicabo id et autem autem quis veniam.',1,'2018-04-22 01:31:45','2018-04-22 01:31:45'),(3,76,'Shania Howell','Quibusdam quia quasi magni sequi iste officia enim. Cum aliquam et saepe. Iste qui aut aut. Quibusdam laborum similique fugiat enim facilis et sit.',1,'2018-04-22 01:31:45','2018-04-22 01:31:45'),(4,76,'Patience Baumbach','Ab reiciendis eaque necessitatibus eos et. Est quia iusto minima. Natus nihil aliquam qui id.',3,'2018-04-22 01:31:45','2018-04-22 01:31:45'),(5,30,'Emiliano Emmerich','Impedit voluptates at et rerum eum ut quidem. Harum vitae nihil est quia fugiat. Iste delectus accusantium autem sit voluptate nostrum est.',5,'2018-04-22 01:31:45','2018-04-22 01:31:45'),(6,68,'Orion Hammes','Est tempora eaque culpa debitis quia quae. Ipsa et sit distinctio nihil a voluptates. Qui autem facilis facilis sed.',4,'2018-04-22 01:31:45','2018-04-22 01:31:45'),(7,5,'Dr. Ellen Kovacek IV','Necessitatibus voluptatibus et nihil voluptatem. Sint blanditiis veritatis ad et. Eligendi et nihil rerum omnis placeat.',5,'2018-04-22 01:31:45','2018-04-22 01:31:45'),(8,7,'Alana Kuphal','In qui quo perferendis quia. Quia minus porro velit. Quaerat id officia non qui vero sit. Accusantium nisi sunt facere quasi id perferendis cum voluptatum.',5,'2018-04-22 01:31:45','2018-04-22 01:31:45'),(9,91,'Era Franecki','Quibusdam assumenda quia quis dicta aspernatur sequi velit qui. Dolores mollitia quia eius exercitationem neque dolor. Placeat et est quia aut vero.',1,'2018-04-22 01:31:45','2018-04-22 01:31:45'),(10,94,'Prof. Nakia Toy Jr.','Facilis neque quis consequatur quasi. Voluptates quaerat tenetur dolores eligendi et labore qui. Qui autem accusantium quisquam distinctio vel quod. Iusto omnis voluptatem asperiores odio quod fuga facilis.',0,'2018-04-22 01:31:45','2018-04-22 01:31:45'),(11,55,'Sydni Ondricka DVM','Reiciendis et ipsa et laborum. Temporibus et doloribus repellendus ut quae eum. Est beatae amet aut ab ipsum. Dolorem facilis et dignissimos laborum earum facilis.',1,'2018-04-22 01:31:45','2018-04-22 01:31:45'),(12,25,'Prof. Christine Rosenbaum II','Voluptates ut officia quod aliquid est similique unde. Fuga quia commodi debitis quo alias ullam et ut. Voluptatem alias repudiandae ullam natus animi praesentium omnis numquam.',2,'2018-04-22 01:31:45','2018-04-22 01:31:45'),(13,27,'Prof. Shanna Halvorson','Non quia voluptatem nostrum voluptatibus. Et quia accusamus quo molestias nisi sit. Optio aut minima occaecati tenetur.',3,'2018-04-22 01:31:45','2018-04-22 01:31:45'),(14,45,'Orlando Reilly','Ratione et ut veniam quia. Iure vero nobis id numquam a aut fugiat et. Et cupiditate cumque magnam doloribus distinctio aut.',4,'2018-04-22 01:31:45','2018-04-22 01:31:45'),(15,9,'Harvey Nitzsche','Voluptate doloremque vel nesciunt quia rerum sit reiciendis. Aut adipisci ab similique necessitatibus. Quas ut deserunt accusantium aliquam atque.',3,'2018-04-22 01:31:45','2018-04-22 01:31:45'),(16,89,'Verda Dietrich','Commodi quasi enim minima repudiandae enim aut et. Dignissimos sed alias harum.',4,'2018-04-22 01:31:45','2018-04-22 01:31:45'),(17,89,'Mr. Charley Monahan III','Provident consequuntur dicta corrupti quo odio odit. Voluptatem rerum aut odit quam eligendi. Ratione dolorem voluptatem quia architecto.',4,'2018-04-22 01:31:45','2018-04-22 01:31:45'),(18,60,'Miss Alessandra Feeney','Provident consequatur beatae quia dolorem. Ipsa sint animi eum. Itaque et nihil qui rerum.',1,'2018-04-22 01:31:45','2018-04-22 01:31:45'),(19,6,'Dr. Damien Hane IV','Quia ut omnis ratione voluptatibus. Vel illo voluptatem quibusdam eos.',2,'2018-04-22 01:31:45','2018-04-22 01:31:45'),(20,58,'Vicky Kilback','Quibusdam amet dignissimos dolores voluptas explicabo beatae quia debitis. Architecto fugiat veritatis excepturi nisi enim et. Magni minus consequatur eum dolorem.',0,'2018-04-22 01:31:45','2018-04-22 01:31:45'),(21,88,'Ms. Theresa Kutch','Deserunt consequatur pariatur ut dolores. Quae perferendis qui impedit nobis consequatur non quam. Temporibus occaecati a architecto dolorem necessitatibus aut.',5,'2018-04-22 01:31:45','2018-04-22 01:31:45'),(22,50,'Merl Rau','Et corporis et doloribus ea ut amet necessitatibus. Nobis quos et voluptas odit ratione. Ut libero modi adipisci temporibus aliquid neque.',5,'2018-04-22 01:31:45','2018-04-22 01:31:45'),(23,9,'Russell Marks','Assumenda reiciendis est ut dolorum sapiente voluptatem optio. Sequi reiciendis corporis illum omnis non soluta qui aspernatur. Saepe a non beatae incidunt qui. Et natus repudiandae eligendi deleniti.',3,'2018-04-22 01:31:45','2018-04-22 01:31:45'),(24,24,'Prof. Lawrence Eichmann DDS','Laborum illo beatae blanditiis quod nostrum ut et error. Vero iure et illum voluptatem temporibus dignissimos sapiente eum. Illum optio incidunt qui reprehenderit consequatur porro.',2,'2018-04-22 01:31:45','2018-04-22 01:31:45'),(25,12,'Palma Murazik DDS','Debitis architecto voluptatibus laboriosam voluptatem ea. Deleniti tempora quidem autem et omnis omnis voluptates. Aperiam architecto eos placeat sint. Saepe ut pariatur eligendi quia.',1,'2018-04-22 01:31:45','2018-04-22 01:31:45'),(26,97,'Keegan Maggio','Ea totam ea architecto exercitationem aut aut nobis. Non veniam id eaque deserunt minima nulla sint. Doloribus ut iure id aut labore at sit.',4,'2018-04-22 01:31:45','2018-04-22 01:31:45'),(27,75,'Prof. Nikko Leannon','Quam autem perferendis quam et quo qui quia. Praesentium qui officiis ab ullam id quidem excepturi aspernatur.',5,'2018-04-22 01:31:45','2018-04-22 01:31:45'),(28,46,'Mr. Gus White','Sed repellat eos sit aliquid voluptatem doloribus. Ut nihil quas tempore nisi. Maxime ratione natus maiores voluptas sapiente. Pariatur odit error odio omnis.',1,'2018-04-22 01:31:45','2018-04-22 01:31:45'),(29,24,'Rylan Sanford','Earum optio quia voluptas vel quidem magnam. Dolor omnis nostrum ipsum temporibus omnis et. Enim voluptates consectetur non omnis expedita sequi non. Sed inventore dolore deserunt aliquam consequatur.',3,'2018-04-22 01:31:45','2018-04-22 01:31:45'),(30,43,'Sean Toy','Officiis aperiam hic soluta sequi. Aut dolores quas quos nam architecto magnam consequatur. Culpa sunt rerum quo sint consequatur minima.',0,'2018-04-22 01:31:45','2018-04-22 01:31:45'),(31,79,'Zackary Nolan','Rerum exercitationem voluptatem doloribus. Cum ab commodi dolore ut consequatur dolor. Cumque sunt est voluptatem atque aperiam totam. Nesciunt in ut iste dignissimos aut dolor distinctio quasi.',0,'2018-04-22 01:31:45','2018-04-22 01:31:45'),(32,39,'Merle Maggio','Mollitia laboriosam impedit eos ut veritatis. Odio sequi dolor debitis molestiae. Nam aspernatur rerum laudantium ut velit earum. Harum necessitatibus non amet vitae placeat praesentium qui. Architecto ut et voluptas voluptate.',1,'2018-04-22 01:31:45','2018-04-22 01:31:45'),(33,80,'Stone Kemmer','Quia maxime sunt iste repudiandae incidunt sit. Et voluptate adipisci sit sed cumque ut maiores rerum. Nulla quasi et corrupti quos. Aut porro accusamus esse et sit facilis quia aut.',4,'2018-04-22 01:31:45','2018-04-22 01:31:45'),(34,50,'Malika Wehner','Quibusdam repellendus non nihil rem qui ex. Sint quod sapiente corrupti nemo quod hic similique. Voluptatem amet repellat quas eius officia dicta facilis aut.',4,'2018-04-22 01:31:45','2018-04-22 01:31:45'),(35,47,'Ms. Vilma Stroman','Quibusdam atque dolores ipsam atque omnis. Aperiam velit eveniet recusandae error officia. Provident tempore commodi quis et harum. Quia doloribus officia minima vel facere aut rem omnis. Accusamus sit ipsam consequatur aut.',4,'2018-04-22 01:31:45','2018-04-22 01:31:45'),(36,25,'Hiram Kiehn','Laboriosam ea ipsam quibusdam porro reiciendis veniam quam aut. Quis temporibus a aut dolorem animi. A debitis ut ea cupiditate aspernatur sunt similique corporis.',4,'2018-04-22 01:31:45','2018-04-22 01:31:45'),(37,7,'Lucy Lemke','Quos modi voluptatem maiores vitae nostrum. Iure eligendi omnis aperiam et ut similique.',2,'2018-04-22 01:31:45','2018-04-22 01:31:45'),(38,58,'Madalyn Weber','Dolores dolor beatae non totam cupiditate. Possimus laboriosam molestiae consequuntur fuga. Dolorum et sit aut doloremque et. Est qui tempore maiores hic commodi sint. Consequatur sequi quis qui.',5,'2018-04-22 01:31:45','2018-04-22 01:31:45'),(39,56,'Pamela Mante','Rerum laudantium ad ea quis. Recusandae molestiae iure voluptas aliquid nisi. Cumque voluptatem explicabo soluta officiis error aut. Harum unde amet non sint quasi illo est quis.',3,'2018-04-22 01:31:45','2018-04-22 01:31:45'),(40,63,'Miss Betsy Price DDS','Placeat qui et libero consequatur. Non ut quo qui omnis in cupiditate et. Repellendus cupiditate voluptatibus quaerat.',3,'2018-04-22 01:31:45','2018-04-22 01:31:45'),(41,38,'Miss Kitty Schneider','Consequatur quod a enim expedita. Iure illum autem magni. Tenetur labore rerum et sit sed dicta laborum.',2,'2018-04-22 01:31:45','2018-04-22 01:31:45'),(42,32,'Ms. Katharina Jacobson MD','Sunt et ratione iusto aut reprehenderit perspiciatis. Accusamus perferendis pariatur dicta quasi sit eaque facere. Dolores maiores aut provident cupiditate molestias autem illum.',3,'2018-04-22 01:31:45','2018-04-22 01:31:45'),(43,10,'Emil Walter DVM','Error saepe minus et et non suscipit dolor odio. Accusamus autem repudiandae nobis. Velit sapiente harum perferendis. Dolores minus voluptatum asperiores aut neque. Et totam iusto tenetur rerum voluptatem qui.',2,'2018-04-22 01:31:45','2018-04-22 01:31:45'),(44,94,'Prof. Houston Gerlach DVM','Molestiae consectetur quos sint. Quo voluptates quasi qui quae accusantium voluptatem. A sit et sit est esse. Quam est minima vitae.',2,'2018-04-22 01:31:45','2018-04-22 01:31:45'),(45,11,'Prof. Letitia Brown Sr.','Aspernatur totam vel quis officia optio. Expedita quia et corrupti consequuntur quia quidem. Sunt voluptatibus dolore ipsam eos exercitationem porro.',3,'2018-04-22 01:31:45','2018-04-22 01:31:45'),(46,36,'Mr. Quincy Miller','Aut consequuntur laboriosam vero rerum. Possimus sint facere nesciunt ipsam. Minima dicta cupiditate exercitationem non est. Temporibus non impedit cupiditate sint est facilis ab.',0,'2018-04-22 01:31:45','2018-04-22 01:31:45'),(47,64,'Dr. Edmond McKenzie II','Debitis consequatur consequuntur est repellat. Dolores expedita culpa veniam. Vel nostrum assumenda cumque facilis voluptatem asperiores consequatur.',0,'2018-04-22 01:31:45','2018-04-22 01:31:45'),(48,69,'Madeline Sawayn','Aperiam in voluptatem ipsa illum iste rerum a est. Eius sed consequuntur eum maiores. Ea eaque tenetur perspiciatis laborum dolore et impedit.',5,'2018-04-22 01:31:45','2018-04-22 01:31:45'),(49,61,'Larry Bradtke','Optio excepturi dolorum repellat fuga veniam occaecati. Quas omnis ullam dolorem aspernatur. Omnis consequatur et hic id qui est voluptas. Exercitationem aut vero esse molestias provident voluptatibus. Architecto dolore sed culpa placeat tenetur.',4,'2018-04-22 01:31:45','2018-04-22 01:31:45'),(50,33,'Mr. Ulices Cole V','Recusandae quae ipsum quibusdam eum harum vel vitae. Dolore sapiente dignissimos voluptatum ab eos. Minima possimus tempore sunt dolores non veniam. Est est architecto ipsa dolore officiis voluptatem quia.',3,'2018-04-22 01:31:45','2018-04-22 01:31:45'),(51,79,'Prof. Marina O\'Reilly PhD','Dolorem consequatur dolor rerum natus ipsa. Optio provident eum dolorem consequatur rerum quidem eveniet. Explicabo aut numquam iste quisquam asperiores.',0,'2018-04-22 01:31:45','2018-04-22 01:31:45'),(52,13,'Lauryn Gaylord III','Minima minima in ipsam quia adipisci. Et repellat sunt provident in. Architecto quibusdam eos magnam perspiciatis. Ipsam veniam et dolores qui repellat et quisquam adipisci. Voluptatum ad dolorem dolor labore quae ut accusamus.',3,'2018-04-22 01:31:45','2018-04-22 01:31:45'),(53,38,'Janet Denesik','Sit et consequatur dicta labore. Tenetur consequatur minus fugiat voluptatem. Non et minus aliquam voluptatem. Minima corrupti suscipit est laborum in autem.',1,'2018-04-22 01:31:45','2018-04-22 01:31:45'),(54,53,'Dr. Opal Herzog PhD','Non magni dolorum sint totam iste est. Molestiae nostrum laboriosam rerum eius voluptatem.',3,'2018-04-22 01:31:45','2018-04-22 01:31:45'),(55,43,'Cloyd Bednar','Et illo dolor eius sed autem aspernatur voluptas veniam. Corrupti consequuntur sapiente perferendis nam dolor. Cum rem est ratione voluptatem est.',5,'2018-04-22 01:31:45','2018-04-22 01:31:45'),(56,18,'Mathilde Wehner','Culpa sed quia nulla necessitatibus. Repellendus expedita dolorem dolores. Quisquam porro iusto excepturi tempora quae dignissimos.',5,'2018-04-22 01:31:45','2018-04-22 01:31:45'),(57,53,'Lawrence Rogahn','Ut beatae odit et quia ea voluptatem cumque. Et sapiente molestias fugit sint hic doloribus. Vel nihil odio et ea nobis explicabo nobis. Perspiciatis unde voluptatem et voluptatem repellat incidunt officiis.',3,'2018-04-22 01:31:45','2018-04-22 01:31:45'),(58,8,'Mrs. Rhoda Connelly','Et dignissimos tempora sunt est. Ipsum velit itaque unde odio et est. Id omnis voluptas neque enim eos sed aliquid in. Ipsa atque eos quia dolorem vel.',3,'2018-04-22 01:31:45','2018-04-22 01:31:45'),(59,53,'Dr. Dale Mante MD','Dicta molestias et repudiandae aut velit accusamus veniam. Soluta pariatur quam suscipit quaerat. Alias earum quia voluptatem neque debitis dolore.',0,'2018-04-22 01:31:45','2018-04-22 01:31:45'),(60,80,'Kacie Bode','Accusamus voluptatem est dolores molestiae voluptatem quod occaecati. Nihil odit voluptatem culpa dolores quod. Qui placeat omnis enim placeat et explicabo delectus.',0,'2018-04-22 01:31:45','2018-04-22 01:31:45'),(61,69,'Brandt Toy','Ut in ullam fugit praesentium voluptatibus. Dolore aut sed cumque eos eveniet nulla. Eum quo maxime laboriosam aliquam. Sed adipisci hic velit atque.',3,'2018-04-22 01:31:45','2018-04-22 01:31:45'),(62,60,'Mr. Jesus Schultz','Quaerat quidem ab tenetur. Quo voluptates libero quisquam perspiciatis sit. Ad quas ratione aut voluptatibus nobis aliquid sit rerum. Necessitatibus quidem architecto occaecati cumque occaecati vel iure. Dolores consequatur qui ducimus harum autem blanditiis.',3,'2018-04-22 01:31:45','2018-04-22 01:31:45'),(63,21,'Allison Hessel','Nisi architecto eum eos omnis et libero. Dolore vero atque nulla iure. Aut aut voluptates id nobis enim cum et. Beatae asperiores nulla dolore sit quia nesciunt.',3,'2018-04-22 01:31:45','2018-04-22 01:31:45'),(64,77,'Katheryn Pollich DVM','Voluptatum est est suscipit ea vel dolor. Dolore iusto suscipit ipsa repellat. Esse quidem qui delectus facere.',1,'2018-04-22 01:31:45','2018-04-22 01:31:45'),(65,6,'Marlin Hilpert IV','Nisi veniam sapiente voluptatum nisi illo. Facere fuga illum dolores consequuntur dolor. Eaque accusamus dolores sed voluptatibus eaque et.',4,'2018-04-22 01:31:45','2018-04-22 01:31:45'),(66,60,'Mr. Joan McGlynn','Quia ex sit ut illo. Quod et quo nihil dolorem excepturi laudantium. Sit eaque maiores ut quisquam voluptatum soluta aliquid quas.',1,'2018-04-22 01:31:45','2018-04-22 01:31:45'),(67,43,'Valentina Okuneva','Distinctio aliquam ducimus dolor soluta occaecati exercitationem illo. Nemo quidem molestias eum officiis quisquam in. Ab est culpa veritatis sequi quis. Porro tempore ea ea molestiae rerum.',3,'2018-04-22 01:31:45','2018-04-22 01:31:45'),(68,22,'Mekhi Lindgren','Recusandae repudiandae molestias quae rem. Minima unde porro ipsa et sint animi rerum. Facilis aut nihil iste saepe blanditiis inventore iste.',1,'2018-04-22 01:31:45','2018-04-22 01:31:45'),(69,26,'Estevan Upton','Voluptate nihil rerum sunt eaque eligendi tempore aut. Nam voluptatem sapiente et est sit dolorum. Quas possimus labore minus. Veniam deleniti et harum nam.',3,'2018-04-22 01:31:45','2018-04-22 01:31:45'),(70,97,'Prof. Russel Robel V','Debitis impedit voluptatem aut et ducimus nihil totam qui. Dolorem quam commodi minus quas. Cumque suscipit recusandae perferendis enim voluptatum.',4,'2018-04-22 01:31:45','2018-04-22 01:31:45'),(71,14,'Erin Jones','Qui et suscipit dicta facere eligendi culpa. Ut quos harum eum repudiandae saepe nostrum. Eos dignissimos ut commodi aliquid facilis ab.',5,'2018-04-22 01:31:45','2018-04-22 01:31:45'),(72,97,'Gregg Brown DVM','Tempora rem nisi sint quisquam repellendus. Placeat pariatur accusantium aliquam fugit a odit qui et. Harum blanditiis eum ipsum repellat.',5,'2018-04-22 01:31:45','2018-04-22 01:31:45'),(73,54,'Ms. Joanne Lemke DVM','Asperiores laboriosam minus ut aut eum et ipsam. Nesciunt debitis fugiat explicabo voluptas in eum eos. Provident autem est maiores aut aut accusamus consequatur.',4,'2018-04-22 01:31:45','2018-04-22 01:31:45'),(74,1,'Pearl Weimann','Deserunt non facilis sed eos. Quia quae quo dolore accusantium deleniti vel ut. Et dicta earum dolore itaque est labore nisi in. Reiciendis est est fugiat ullam ratione ratione.',1,'2018-04-22 01:31:45','2018-04-22 01:31:45'),(75,44,'Sanford Kihn Jr.','Voluptatem quo architecto consequatur dignissimos et voluptate nesciunt delectus. Inventore ut reiciendis repudiandae esse consectetur fugit. Aut rerum officiis iusto facilis omnis non. Similique quis nam in doloremque animi recusandae.',2,'2018-04-22 01:31:45','2018-04-22 01:31:45'),(76,99,'Adaline Prosacco','Alias non dolorem saepe perferendis aut. Consectetur voluptas facere necessitatibus architecto accusantium maiores quae. Omnis neque quos aspernatur modi iusto dolorem.',3,'2018-04-22 01:31:45','2018-04-22 01:31:45'),(77,19,'Mr. Ramiro Ritchie III','Est est perspiciatis illum nemo eos et. Id doloribus ex debitis eum. Et autem omnis consequatur reprehenderit qui sit.',3,'2018-04-22 01:31:45','2018-04-22 01:31:45'),(78,75,'Tania Lockman','Est incidunt dolore dolores voluptatibus enim voluptas eveniet. Voluptates adipisci enim accusamus odit autem qui saepe. At at aspernatur doloremque et. Nobis minima possimus quo qui.',2,'2018-04-22 01:31:45','2018-04-22 01:31:45'),(79,66,'Toy Pouros','Quo numquam quas enim occaecati quod cupiditate dolores. Occaecati quisquam et id aut aliquam. Architecto dolorum saepe explicabo et.',3,'2018-04-22 01:31:45','2018-04-22 01:31:45'),(80,6,'Rod Johns','Fugit est omnis non enim temporibus voluptas et. Quidem molestias animi ut repellat aliquid. Deserunt dignissimos delectus voluptatum magnam. Similique doloribus odio quis nam et. Similique sed fuga labore et.',3,'2018-04-22 01:31:45','2018-04-22 01:31:45'),(81,100,'Lilian Little MD','Atque repellat quasi totam aperiam accusamus commodi. Placeat fugit vel id officia porro natus blanditiis molestiae. Eligendi blanditiis laudantium explicabo et exercitationem sint laudantium. Quas eaque ab esse quis est. Porro eius vel repellendus nam sed ea.',4,'2018-04-22 01:31:45','2018-04-22 01:31:45'),(82,95,'Catherine Kerluke','Ea est nostrum cumque quia. Qui a sapiente illum molestias dolor quam. Est rerum at est cum blanditiis adipisci ex. Maiores voluptatem rem aut nihil dolor molestiae.',0,'2018-04-22 01:31:45','2018-04-22 01:31:45'),(83,58,'Brice Hackett','Repellat eum aut enim voluptatem fugit vero aut neque. Amet adipisci est qui rerum. Eum dolores delectus qui minus.',4,'2018-04-22 01:31:45','2018-04-22 01:31:45'),(84,28,'Chet Grimes','Omnis rem doloremque ea nulla saepe non debitis hic. Maxime laudantium omnis delectus animi blanditiis. Quo asperiores impedit libero aut error provident. Quod tempore ullam veritatis necessitatibus.',5,'2018-04-22 01:31:45','2018-04-22 01:31:45'),(85,56,'Eula Parisian III','Voluptatum voluptatem et illum id neque quod. Enim sunt eius magni natus et molestiae. Ab vel debitis voluptatem optio rerum qui. Possimus dolorum officiis voluptatum ut sit recusandae.',4,'2018-04-22 01:31:45','2018-04-22 01:31:45'),(86,97,'Patience Franecki PhD','Nulla quia in eligendi consequuntur neque nisi. Adipisci placeat aut laudantium laboriosam fuga quam nulla. Voluptatem beatae deleniti aliquam nisi beatae doloremque.',0,'2018-04-22 01:31:45','2018-04-22 01:31:45'),(87,88,'Mellie Hane','Amet molestias unde molestiae. Dolorum numquam dicta deleniti molestiae ipsa. Cum dolores at vero et. Placeat quia aut corrupti tempore.',2,'2018-04-22 01:31:45','2018-04-22 01:31:45'),(88,16,'Alfonzo Pollich PhD','Illum optio eaque saepe quis distinctio eos. Qui amet iusto voluptas. Et et dignissimos molestiae quo magni. Eos et consequuntur architecto saepe sint sed.',3,'2018-04-22 01:31:45','2018-04-22 01:31:45'),(89,92,'Meghan Grady','Aut quam ratione eos et voluptates sed earum. Voluptatem aspernatur dolorem delectus dignissimos. Ut aut distinctio quae.',3,'2018-04-22 01:31:45','2018-04-22 01:31:45'),(90,25,'Raquel Heaney','Ratione alias consequatur quia rerum autem natus et. Necessitatibus totam vero et consectetur. Nam corporis qui dolorem quidem quo sed ratione.',3,'2018-04-22 01:31:45','2018-04-22 01:31:45'),(91,43,'Sidney Runolfsdottir MD','Deserunt doloribus nesciunt assumenda sunt vitae alias expedita. Fugit saepe commodi quasi dicta vitae. Saepe nihil similique soluta tempore ut exercitationem. Aut voluptatem ullam ut consectetur occaecati ut.',3,'2018-04-22 01:31:45','2018-04-22 01:31:45'),(92,26,'Mr. Tyreek Brakus','Vero ipsam eum quia nulla. Ducimus eos quis perferendis unde tenetur. Cupiditate error vitae incidunt error est. Laudantium eveniet at cupiditate ratione.',3,'2018-04-22 01:31:45','2018-04-22 01:31:45'),(93,65,'Fabiola Erdman','Eveniet ea eos molestiae voluptatum vero voluptas magni. Corrupti voluptatem minus accusantium vel et eos.',4,'2018-04-22 01:31:45','2018-04-22 01:31:45'),(94,28,'Prof. Cedrick Renner PhD','Voluptas officiis sint maxime. Inventore reiciendis ipsum dolor fugit quo. Ut et rerum et sint nostrum et. Et cupiditate et repudiandae animi itaque.',0,'2018-04-22 01:31:45','2018-04-22 01:31:45'),(95,47,'Abdullah Fahey','Sed maiores occaecati et minus qui deserunt. Blanditiis velit vel sint dicta laudantium quibusdam dolor. Quia odio sed cupiditate expedita. Explicabo voluptatem totam ut et magni rerum.',5,'2018-04-22 01:31:45','2018-04-22 01:31:45'),(96,77,'Dr. Robin Ullrich V','Nam incidunt consequatur voluptatem id minus est. Repellendus voluptas maxime aut amet. Error iusto esse hic iure nisi. Qui commodi quas vel dolorem nihil.',0,'2018-04-22 01:31:45','2018-04-22 01:31:45'),(97,33,'Ericka Rempel','Reiciendis a placeat est harum nihil ratione corporis. Ut consequatur omnis est ut id aspernatur. Temporibus et odit explicabo. Reiciendis sit ipsa perferendis mollitia temporibus quod.',4,'2018-04-22 01:31:45','2018-04-22 01:31:45'),(98,24,'Mrs. Shanie Haag','Nobis omnis quis ut placeat omnis. Incidunt ut quia sunt magnam minima enim voluptatibus laboriosam. Ut quod maxime quia quos. Et rerum rerum dolorum beatae molestias.',4,'2018-04-22 01:31:45','2018-04-22 01:31:45'),(99,60,'Felipe Cruickshank DVM','Illum beatae quis officiis ipsam maiores. Quibusdam hic neque explicabo sunt. Dolor non veritatis sapiente a aut ad nulla qui.',2,'2018-04-22 01:31:45','2018-04-22 01:31:45'),(100,16,'Zachery Rosenbaum','Corporis nulla non ipsam laboriosam laudantium. Similique illum expedita qui aut. Nihil in dolore sapiente eius sit. Quas quaerat est voluptates ea.',0,'2018-04-22 01:31:45','2018-04-22 01:31:45'),(101,27,'Dr. Kamryn Doyle','Cupiditate suscipit nam non veniam ab. Numquam aliquid sit dolore hic aliquid. Qui accusantium magni autem sunt.',0,'2018-04-22 01:31:45','2018-04-22 01:31:45'),(102,67,'Mr. Casimer Brakus Sr.','Ea itaque temporibus enim voluptate optio saepe. Molestiae est aut consequatur deleniti esse qui. Iure harum deserunt cum fuga ut voluptas veniam laudantium. Blanditiis maxime voluptas atque omnis exercitationem fugit.',0,'2018-04-22 01:31:45','2018-04-22 01:31:45'),(103,41,'Mrs. Camila Wilkinson I','Voluptas minus perspiciatis sed rerum qui rerum ut. Laborum facere labore magnam repellendus qui nihil ipsum. Ullam cupiditate ratione voluptas voluptas provident. Officiis aut nostrum ex mollitia.',3,'2018-04-22 01:31:45','2018-04-22 01:31:45'),(104,23,'Miss Orie Langworth PhD','Est nobis labore odio maiores ut. Consequatur autem voluptatem est sint qui dolorem. Ipsum earum aut voluptatum ut earum labore.',4,'2018-04-22 01:31:45','2018-04-22 01:31:45'),(105,37,'Ms. Clementine Kohler II','Consequuntur quam a commodi vel quae rem. Nobis odit nam libero voluptas beatae. Ut modi aperiam dolorem doloribus non.',5,'2018-04-22 01:31:45','2018-04-22 01:31:45'),(106,29,'Retta Hirthe','Quia maiores sit rem enim. Repellat pariatur sed molestiae est. Qui amet eum laudantium nam illum ipsa est. Aut quis amet quam ut eum.',0,'2018-04-22 01:31:45','2018-04-22 01:31:45'),(107,53,'Dr. Bud Thompson','Expedita sit repudiandae aliquam error. Enim explicabo sunt ut rerum deserunt accusantium provident. Qui itaque ipsa error non ut. Dicta et veniam voluptates ut et.',0,'2018-04-22 01:31:45','2018-04-22 01:31:45'),(108,63,'Eriberto Hand','Molestiae reprehenderit et molestiae sequi et ducimus sint dolor. Enim veritatis voluptas est adipisci nobis quasi. Praesentium nam a adipisci quos rem velit.',2,'2018-04-22 01:31:45','2018-04-22 01:31:45'),(109,67,'Nikko Metz','Sint optio voluptas inventore maxime unde. Voluptas et a cupiditate beatae laboriosam qui aut pariatur. Et et totam consequatur ea omnis. Qui beatae repellendus explicabo qui ipsum qui ea.',3,'2018-04-22 01:31:45','2018-04-22 01:31:45'),(110,17,'Markus Volkman PhD','Aut autem culpa illum. Est quasi fugiat voluptatem est officia neque adipisci sit. Dolorum architecto laborum omnis voluptates porro.',0,'2018-04-22 01:31:45','2018-04-22 01:31:45'),(111,19,'Prof. Carroll Predovic','Illo ducimus ipsa reiciendis laborum quasi non doloremque. Accusamus incidunt sit itaque non. Quis nostrum rerum est ut. Delectus earum quod soluta odit autem.',3,'2018-04-22 01:31:45','2018-04-22 01:31:45'),(112,33,'Gregory Denesik','Voluptas et perspiciatis rerum perspiciatis laboriosam. Necessitatibus recusandae vitae dicta recusandae alias. Hic voluptas libero magnam est illo qui cumque.',4,'2018-04-22 01:31:45','2018-04-22 01:31:45'),(113,3,'Ernie Koch','Quo a ratione vitae cum. Rerum praesentium mollitia tempore molestiae qui ipsam. Ratione sed sapiente eos ipsa tempora eos nostrum.',3,'2018-04-22 01:31:45','2018-04-22 01:31:45'),(114,68,'Felipa Greenholt','Voluptas architecto suscipit sunt saepe aliquam ullam dolorem. Necessitatibus sunt suscipit velit sequi consequuntur quis reiciendis. Provident est et dicta ex voluptatem veniam dolore non. Optio odit sunt rerum deleniti nisi in.',0,'2018-04-22 01:31:45','2018-04-22 01:31:45'),(115,72,'Bobbie Labadie','Impedit magnam ea id deleniti quo reiciendis doloribus. Quo laborum laboriosam laboriosam inventore molestiae eum exercitationem. Itaque a voluptatem dolores vel ut. Magnam et consectetur accusamus nesciunt aut.',3,'2018-04-22 01:31:45','2018-04-22 01:31:45'),(116,35,'Dr. Zoey Bahringer I','Esse suscipit voluptas eius ut similique voluptatem. Praesentium voluptatibus corrupti tempora. Totam neque voluptatem est deserunt aut.',5,'2018-04-22 01:31:45','2018-04-22 01:31:45'),(117,7,'Amiya Russel','Inventore provident dolorum omnis dignissimos. Est corrupti qui iusto quia provident consequatur. Veniam labore nihil quibusdam recusandae nesciunt. Reiciendis incidunt qui officiis optio.',2,'2018-04-22 01:31:45','2018-04-22 01:31:45'),(118,84,'Beryl Strosin','Id unde ipsum quod non. Fugit et sed excepturi eos vero sunt ratione modi. Quam assumenda iste provident quia. Iusto dolores eveniet necessitatibus natus.',5,'2018-04-22 01:31:45','2018-04-22 01:31:45'),(119,74,'Prof. Brycen Cummings','Nemo fuga maiores tempora. Veniam culpa animi iusto vel dicta dolor quas. Quia quo quod voluptas nihil.',2,'2018-04-22 01:31:45','2018-04-22 01:31:45'),(120,39,'Dr. Nakia Windler','Facere alias vitae commodi pariatur nobis quibusdam sunt illum. In provident rerum ea labore tempore fugiat alias. Omnis omnis earum quaerat earum doloremque temporibus ut.',3,'2018-04-22 01:31:45','2018-04-22 01:31:45'),(121,9,'Mr. Gideon Harvey','Et iusto nobis est quia dignissimos iusto at. Accusantium voluptatem sint consequuntur tempora dolore aut eos.',1,'2018-04-22 01:31:46','2018-04-22 01:31:46'),(122,89,'Nikko Fay Sr.','Tenetur in incidunt aut illo. Provident omnis praesentium aspernatur ea. Possimus voluptate perferendis optio incidunt minima sint vero. Ut doloribus laudantium dolor laboriosam quos aperiam vitae.',0,'2018-04-22 01:31:46','2018-04-22 01:31:46'),(123,91,'Ora Dickinson','Sit consequatur voluptas in ut. Adipisci quidem aut voluptatibus. Corrupti veniam ea ex iste. Amet autem eos consequatur harum. Unde ipsam error suscipit nesciunt ratione accusantium.',4,'2018-04-22 01:31:46','2018-04-22 01:31:46'),(124,30,'Roel Doyle PhD','Harum possimus et minus voluptatem commodi voluptates error. Expedita possimus tempore molestiae maxime. Doloremque dolore non inventore quis.',3,'2018-04-22 01:31:46','2018-04-22 01:31:46'),(125,55,'Jewel Hegmann','Ut et voluptas accusantium voluptatem accusamus consequatur. Voluptatem saepe blanditiis eos recusandae. Libero voluptatem et cumque sequi aut. Omnis corrupti aut inventore ea temporibus.',4,'2018-04-22 01:31:46','2018-04-22 01:31:46'),(126,54,'Wilford Reilly','Autem excepturi totam qui quis impedit. Qui reiciendis ut neque eum amet error. Exercitationem laboriosam expedita iste qui quis.',3,'2018-04-22 01:31:46','2018-04-22 01:31:46'),(127,99,'Akeem Corwin','Ipsa tempore nihil occaecati ipsa in. Nobis sed repellat est quibusdam. Architecto repellendus repudiandae ut molestiae est.',0,'2018-04-22 01:31:46','2018-04-22 01:31:46'),(128,15,'Mrs. Kamille Bruen MD','Eum consequatur dolores asperiores in quae omnis. Est sed consequatur omnis soluta.',5,'2018-04-22 01:31:46','2018-04-22 01:31:46'),(129,62,'Dr. Thurman Koss','Ut recusandae accusamus est rerum voluptatum ut libero. Quia tempora id omnis minus iure expedita.',1,'2018-04-22 01:31:46','2018-04-22 01:31:46'),(130,32,'Trisha Ruecker','Rem quis dolores et voluptatem officiis. Repellat quia cum laboriosam ea libero. Nihil exercitationem voluptas magnam ut.',1,'2018-04-22 01:31:46','2018-04-22 01:31:46'),(131,85,'Meagan Jast','Enim deleniti voluptatem fugit neque. Vitae fugit quas voluptatem et omnis rerum. Id fugit quaerat quis. Ea dignissimos veniam tenetur dolores laborum voluptas placeat.',0,'2018-04-22 01:31:46','2018-04-22 01:31:46'),(132,57,'Mr. Benny O\'Connell','Incidunt tempora consequatur cum nihil totam rerum commodi. Libero consequatur tempore odit quam. Id repudiandae reprehenderit quia reprehenderit excepturi atque.',3,'2018-04-22 01:31:46','2018-04-22 01:31:46'),(133,45,'Mr. Jakob Johnston Jr.','Porro quo numquam dolorem. Ipsam reprehenderit aut voluptate nisi itaque. Quia tempore laborum error rerum provident. Sit pariatur nesciunt temporibus.',1,'2018-04-22 01:31:46','2018-04-22 01:31:46'),(134,83,'Greta Gutkowski','Quae reiciendis dolor recusandae rerum porro. Eum dignissimos ea non possimus. Quidem aspernatur cumque quos ipsa quia.',5,'2018-04-22 01:31:46','2018-04-22 01:31:46'),(135,18,'Cecile Gleason DDS','Consectetur et aut voluptatem eveniet. Nostrum in consequuntur nobis dolor et. Temporibus et voluptas ipsam suscipit tempora maiores. Non nam praesentium et.',0,'2018-04-22 01:31:46','2018-04-22 01:31:46'),(136,11,'Dr. Andy Berge','Voluptas est laboriosam delectus dolorem quia. Voluptatem consequatur et quidem nesciunt praesentium tempora. Minima vero sit est dolorem.',4,'2018-04-22 01:31:46','2018-04-22 01:31:46'),(137,13,'Edna Skiles','Corrupti cumque sit facere in rerum. Cum provident qui sed voluptas. Omnis ut incidunt ut voluptatum. Cupiditate natus minus aut distinctio.',0,'2018-04-22 01:31:46','2018-04-22 01:31:46'),(138,4,'Laisha Mitchell','Est impedit alias quae eaque animi. Quod illum vel et asperiores dicta dolorum. Quae ratione ut et autem sed.',0,'2018-04-22 01:31:46','2018-04-22 01:31:46'),(139,38,'Kenya Lesch','Quia ratione aut enim mollitia. Ipsa dolor voluptatem laudantium necessitatibus sequi quae. Est ut corrupti tenetur dignissimos accusamus.',0,'2018-04-22 01:31:46','2018-04-22 01:31:46'),(140,63,'General Zieme III','Asperiores vitae aut quam doloremque. Dolorem eius iure ipsa fugit sunt sequi quasi. Nihil omnis soluta recusandae ducimus hic consequatur dicta. Blanditiis asperiores dolore perspiciatis in reiciendis quo eos et.',5,'2018-04-22 01:31:46','2018-04-22 01:31:46'),(141,73,'Arno Von III','Sed libero officiis eius pariatur sunt optio. Est consequuntur cumque impedit sed aut. Fugit quidem quis sint ex voluptatum et corporis. Impedit facere quisquam delectus aliquam necessitatibus.',5,'2018-04-22 01:31:46','2018-04-22 01:31:46'),(142,62,'Miss Kelsie Gutkowski','Alias quas unde hic. Voluptas ut ut totam minima fuga. Ut sed et et mollitia ab quibusdam.',5,'2018-04-22 01:31:46','2018-04-22 01:31:46'),(143,2,'Marisol Runolfsdottir I','Recusandae nisi ea ex iure ipsum. Quaerat ut accusamus aut voluptatem.',1,'2018-04-22 01:31:46','2018-04-22 01:31:46'),(144,97,'Reba Denesik','Autem sed nostrum corporis pariatur cum. Sunt cumque modi et ullam praesentium autem sit. Rerum error eligendi ut. Atque omnis non inventore ullam et sit et eum.',2,'2018-04-22 01:31:46','2018-04-22 01:31:46'),(145,97,'Leon Murazik','Quia reiciendis reprehenderit modi animi. Itaque enim porro labore cum voluptas laudantium rerum. Quia possimus sint neque non architecto accusantium similique.',1,'2018-04-22 01:31:46','2018-04-22 01:31:46'),(146,91,'Dr. Cleveland Hettinger','Natus voluptatum voluptas qui magnam. Tenetur veniam repudiandae iste similique sapiente. Quos in ut et quo ut. Voluptate excepturi cupiditate et modi similique maxime quidem.',2,'2018-04-22 01:31:46','2018-04-22 01:31:46'),(147,24,'Dr. Zackery Hermiston','Velit nemo odio assumenda cupiditate quasi. Eum iure nihil totam ut. Neque minima quia enim quaerat non laborum nostrum quo. Voluptatibus et similique molestias odit veniam.',0,'2018-04-22 01:31:46','2018-04-22 01:31:46'),(148,61,'Orlando Goodwin','Reiciendis ut et laboriosam ut. Qui a necessitatibus dolorem repudiandae. Molestias suscipit dolore ut occaecati et dolor.',4,'2018-04-22 01:31:46','2018-04-22 01:31:46'),(149,51,'Cole Adams','Aspernatur quisquam sunt nesciunt id. Suscipit accusamus non corporis officiis. Est veritatis dolorem expedita alias reiciendis provident labore. Porro hic nulla eos sit eum beatae.',2,'2018-04-22 01:31:46','2018-04-22 01:31:46'),(150,10,'Miss Julia Zemlak DVM','Soluta aliquam sit odio consequatur voluptas. Aspernatur natus et autem ut et. Alias officia officia earum et nisi ut est. Quas sit molestiae eaque aut ab.',1,'2018-04-22 01:31:46','2018-04-22 01:31:46'),(151,44,'Mrs. Viva Mann','Qui expedita harum sapiente consequatur consectetur nobis odit vero. Dolorem qui quas modi id. Quod vitae odio eveniet ex repellendus nostrum.',4,'2018-04-22 01:31:46','2018-04-22 01:31:46'),(152,59,'Jeffery Schroeder','Qui nobis ducimus quos minus. Omnis temporibus quaerat ad ut harum sit corrupti. Iure rerum et velit quod omnis provident.',2,'2018-04-22 01:31:46','2018-04-22 01:31:46'),(153,41,'Mr. Johnson Lang','Aut placeat voluptas voluptate aut. Dolor enim autem non soluta.',3,'2018-04-22 01:31:46','2018-04-22 01:31:46'),(154,2,'Gina Bins','Cumque neque et quae cupiditate eos rerum iusto. Qui a accusantium esse cupiditate. Quis quia quis eaque quia saepe et corporis.',1,'2018-04-22 01:31:46','2018-04-22 01:31:46'),(155,96,'Mrs. Augustine Reinger PhD','Qui assumenda voluptatum fugiat officia eum. Illo pariatur delectus et sapiente excepturi. Eius voluptatem saepe repellat quia ut.',5,'2018-04-22 01:31:46','2018-04-22 01:31:46'),(156,49,'Sam Franecki','Aut veritatis consequatur et velit officia. Soluta architecto voluptas assumenda in cupiditate enim sit. Corporis ut est tenetur in labore repudiandae dolorem. Nulla aut delectus autem aspernatur veritatis.',2,'2018-04-22 01:31:46','2018-04-22 01:31:46'),(157,17,'Wyatt Schoen','Laudantium consequatur ut et maxime qui. Et numquam totam autem maiores et ipsum corrupti. Nesciunt similique et omnis dignissimos saepe.',1,'2018-04-22 01:31:46','2018-04-22 01:31:46'),(158,66,'Miss Serenity Schaefer','Id voluptatem totam fugit quia laudantium modi. Deleniti voluptas beatae consequuntur. In sit enim necessitatibus quasi maiores voluptas sed. Ea eum vitae debitis ab omnis.',0,'2018-04-22 01:31:46','2018-04-22 01:31:46'),(159,13,'Elouise Bechtelar','Fugit facere voluptas omnis minus sint. Ut perferendis reprehenderit harum iure voluptate et vero. Voluptas quis quam suscipit non voluptas molestiae sed voluptas.',5,'2018-04-22 01:31:46','2018-04-22 01:31:46'),(160,66,'Julio Veum','Non sit ipsum unde odit temporibus id. Deleniti quaerat id animi autem minima quos sit qui. Dolorem et autem vitae tempore et facere dolor.',1,'2018-04-22 01:31:46','2018-04-22 01:31:46'),(161,70,'Kellie Greenfelder','Ipsam esse pariatur itaque aliquid aperiam. Provident amet voluptatem voluptas tenetur pariatur eveniet. Eum sit eum voluptatibus et aut non. Quis qui in in commodi tempora ea.',5,'2018-04-22 01:31:46','2018-04-22 01:31:46'),(162,30,'Prof. Royal Heathcote','Esse eos suscipit alias cum nesciunt. Aut nisi molestiae eveniet enim repellat voluptas animi est. Quam at necessitatibus quis est quos est et aut. Mollitia in earum provident corporis mollitia perspiciatis error.',2,'2018-04-22 01:31:46','2018-04-22 01:31:46'),(163,32,'Prof. Bessie Denesik','Itaque accusamus architecto harum itaque et accusamus similique. Earum unde provident cum voluptas. Consequatur tenetur perferendis delectus pariatur magni.',0,'2018-04-22 01:31:46','2018-04-22 01:31:46'),(164,78,'Ethel Harvey','Sapiente tenetur fugiat quaerat voluptatem molestias. Dolorem enim tempora a eius. Quia sit qui aut. Architecto quod enim molestias earum.',3,'2018-04-22 01:31:46','2018-04-22 01:31:46'),(165,72,'Rachael Friesen Jr.','Recusandae officia est ea recusandae. Minus in amet quia quo laborum et. Aperiam ut delectus perferendis eos odio qui. Earum aut voluptatem quod ut architecto iusto omnis.',1,'2018-04-22 01:31:46','2018-04-22 01:31:46'),(166,15,'Kay Spencer','Modi voluptates sapiente ut iusto officiis. Ut impedit sit illo nihil. Perspiciatis ab deserunt sapiente cumque molestiae nihil ipsum. Impedit ab aut repellendus maiores officiis.',5,'2018-04-22 01:31:46','2018-04-22 01:31:46'),(167,8,'Ms. Marilie Quitzon','Earum at corporis corporis eaque ex laudantium. Corporis accusamus eius delectus illum fugit. Iste quaerat qui eligendi incidunt. Rerum voluptatum omnis exercitationem quia natus.',4,'2018-04-22 01:31:46','2018-04-22 01:31:46'),(168,87,'Mr. Kristopher Olson II','Vel laborum doloribus eius qui sunt ea ducimus. Numquam voluptas iure neque ipsam soluta animi. Sed sit incidunt nostrum exercitationem sunt excepturi nihil. Illum deserunt voluptatibus at dicta mollitia dolore.',2,'2018-04-22 01:31:46','2018-04-22 01:31:46'),(169,71,'Obie Krajcik I','Aut illum consequatur rerum consequatur dolor sed dicta. Omnis veniam et aliquid qui ut. Beatae ut autem et aut inventore commodi itaque. Aut et non iusto porro.',3,'2018-04-22 01:31:46','2018-04-22 01:31:46'),(170,42,'Virgil Zboncak','Dignissimos commodi ratione autem eum omnis at molestiae. Dolores incidunt inventore aut reprehenderit in laudantium. Qui doloribus neque aperiam unde culpa odit.',4,'2018-04-22 01:31:46','2018-04-22 01:31:46'),(171,14,'Adrian Erdman','Laborum dolores culpa nulla quaerat. Impedit rerum iusto sequi. Aut et dolorum ut. In sequi iusto velit natus saepe architecto.',4,'2018-04-22 01:31:46','2018-04-22 01:31:46'),(172,70,'Emmalee Aufderhar','Aut veniam ab illum rem dolore. Est quo ut assumenda ipsa ipsam esse et. Enim maiores odio facilis qui nihil voluptatem ut.',4,'2018-04-22 01:31:46','2018-04-22 01:31:46'),(173,28,'Demario Watsica','Omnis libero temporibus ab odio vero accusamus ipsam. Aspernatur enim consequatur qui excepturi libero quos sit. Nesciunt facere nulla et inventore.',5,'2018-04-22 01:31:46','2018-04-22 01:31:46'),(174,16,'Zachery Nikolaus III','Mollitia fugiat velit laborum occaecati omnis. Aut quo numquam cum omnis tenetur exercitationem.',2,'2018-04-22 01:31:46','2018-04-22 01:31:46'),(175,72,'Carrie Zulauf','Commodi eveniet laudantium impedit ducimus. Dignissimos voluptatem maiores asperiores ut magni. Sed perspiciatis nam voluptas voluptas magnam repudiandae. Fugit et ipsam quasi saepe eaque.',3,'2018-04-22 01:31:46','2018-04-22 01:31:46'),(176,3,'Miss Rae Jacobs','Voluptatem facere iure dolor assumenda et amet necessitatibus. Eum commodi officiis aut molestiae at. Quidem sunt assumenda eligendi sunt quo.',2,'2018-04-22 01:31:46','2018-04-22 01:31:46'),(177,71,'Mr. Winfield Boehm','Soluta quia odio molestias modi ut labore enim. Unde quas esse repellat a autem. Nemo commodi itaque porro vero repellat.',2,'2018-04-22 01:31:46','2018-04-22 01:31:46'),(178,65,'Madelynn Howe','Voluptas voluptatem cumque blanditiis omnis iusto nam sapiente. Esse rerum exercitationem harum aspernatur sed rerum delectus corrupti. Aspernatur et impedit recusandae sed. Neque provident qui sit voluptatibus harum natus quos ut.',3,'2018-04-22 01:31:46','2018-04-22 01:31:46'),(179,22,'Miss Maryjane Fahey DVM','Ratione non exercitationem dolor. Deserunt et maiores qui sed. Consequatur unde dolores quasi et placeat quae.',3,'2018-04-22 01:31:46','2018-04-22 01:31:46'),(180,57,'Dr. Luciano Rosenbaum PhD','Placeat mollitia exercitationem veritatis sint repudiandae ab. Soluta rem magni laudantium voluptate. Doloribus quidem consequuntur pariatur exercitationem.',3,'2018-04-22 01:31:46','2018-04-22 01:31:46'),(181,14,'Robin Padberg Jr.','Soluta praesentium occaecati harum earum illum eligendi placeat. Fugit dolores officia ullam sint vel est placeat. Impedit voluptas quibusdam est dolorum. Eum cupiditate enim impedit tenetur aut deserunt reiciendis.',4,'2018-04-22 01:31:46','2018-04-22 01:31:46'),(182,3,'Prof. Gene Crist IV','Voluptas tempora magni non nemo aliquid quaerat. Fuga aspernatur non nihil odio debitis. Nihil ipsum excepturi sit eveniet.',5,'2018-04-22 01:31:46','2018-04-22 01:31:46'),(183,74,'Carlo Quitzon','Totam deleniti consectetur dolorum repudiandae. Autem blanditiis cum illo est animi facere aut. Amet molestias sit qui officia earum quam molestiae.',3,'2018-04-22 01:31:46','2018-04-22 01:31:46'),(184,6,'Laurie Doyle','Nesciunt et aliquid et temporibus vel. Cupiditate ea eligendi officiis et recusandae. Quis id reprehenderit voluptatem. Dolores officiis et saepe et. Amet consectetur quisquam tempore dolorem.',1,'2018-04-22 01:31:46','2018-04-22 01:31:46'),(185,96,'Mr. Jaylin Cormier I','Libero illo vel sed rem expedita. Officia similique ipsum ullam. Voluptatem quis laudantium facilis quam veniam repudiandae. Maiores nobis aut vel eius aut enim quidem.',0,'2018-04-22 01:31:46','2018-04-22 01:31:46'),(186,22,'Sylvia Heaney','Autem eum perspiciatis impedit dolores asperiores alias adipisci. Facere laudantium minima maiores iusto reprehenderit. At aperiam dolorum et commodi temporibus iste. Reiciendis corporis tempora expedita alias. Voluptatibus quia necessitatibus voluptas odit.',1,'2018-04-22 01:31:46','2018-04-22 01:31:46'),(187,63,'Nya Ledner IV','Sed sequi aliquid alias sequi voluptate. Odit iste ut dolorem perferendis nulla quas voluptas. Rerum ipsa cumque accusantium ea eum pariatur. Ad distinctio voluptatibus rem.',2,'2018-04-22 01:31:46','2018-04-22 01:31:46'),(188,38,'Golda Legros','Mollitia ut ut fuga asperiores. Natus a dignissimos dolor. Omnis quia dolor id aut aut. Impedit quasi eos ut voluptas.',1,'2018-04-22 01:31:46','2018-04-22 01:31:46'),(189,5,'Prof. Shayna Corwin IV','Asperiores dolorem consequatur cum eos est. Quo pariatur odit ipsa nam. Est numquam culpa est cum.',3,'2018-04-22 01:31:46','2018-04-22 01:31:46'),(190,70,'Abraham Runolfsson','Consequatur sed sit id repellat. Harum perferendis sequi quo. Corrupti repudiandae provident aut est. Aut omnis quisquam magni vitae non sed.',1,'2018-04-22 01:31:46','2018-04-22 01:31:46'),(191,38,'Napoleon Cassin','Commodi ducimus eos optio autem. Eum non repellendus ex optio. Eum ea aspernatur consequatur id qui id autem. Fuga sed fuga doloremque maxime.',3,'2018-04-22 01:31:46','2018-04-22 01:31:46'),(192,26,'Hyman Turcotte','Velit quia autem rerum aut. Est laboriosam sed aut corporis soluta distinctio repellendus necessitatibus. Excepturi voluptatem dolor veniam non omnis et omnis qui.',4,'2018-04-22 01:31:46','2018-04-22 01:31:46'),(193,2,'Peyton Dach IV','Enim doloremque quia sapiente dolore. Tempore quo est quia et. Dolorem maxime doloremque accusamus minima. Id nesciunt excepturi ab. Animi qui ea et illo et.',4,'2018-04-22 01:31:46','2018-04-22 01:31:46'),(194,53,'Ebba Fahey','Ipsum voluptas et esse accusantium magni id dolor. Sit nulla alias impedit. Illo sequi culpa nam provident aut rem. Quisquam esse rerum voluptas error.',4,'2018-04-22 01:31:46','2018-04-22 01:31:46'),(195,9,'Chase Altenwerth Jr.','Harum corporis animi pariatur fuga quas nihil. Dolor maiores blanditiis nesciunt et. Fuga quas vero consequatur harum dignissimos et nobis fugit. Rerum eos eligendi et odit nihil.',0,'2018-04-22 01:31:46','2018-04-22 01:31:46'),(196,46,'Dr. Garrick Lockman','Sed sint quo quo. Qui deleniti est excepturi recusandae aut et. Voluptatem omnis illum repudiandae ut ipsam rerum nostrum.',2,'2018-04-22 01:31:46','2018-04-22 01:31:46'),(197,11,'Karianne Kassulke','Quo et voluptate sunt cum provident modi asperiores. Et necessitatibus quae fugiat animi cupiditate. Quia ipsam a aut vel dolorum.',3,'2018-04-22 01:31:46','2018-04-22 01:31:46'),(198,5,'Kacey Altenwerth','Nisi iste nam illum dolor voluptate. Ipsam maxime ratione neque voluptates nesciunt error. Velit voluptatem unde qui maiores.',3,'2018-04-22 01:31:46','2018-04-22 01:31:46'),(199,79,'Nathanael Lubowitz','Totam qui aliquam inventore vitae accusantium et consequatur. Rerum nostrum dolorem et ex voluptatem. Aut totam earum deleniti eligendi ipsa velit quae eaque.',4,'2018-04-22 01:31:46','2018-04-22 01:31:46'),(200,89,'Nicola Oberbrunner DVM','Est dolorum nobis autem ea excepturi. Consequatur et neque laborum culpa qui voluptates enim fugit.',1,'2018-04-22 01:31:46','2018-04-22 01:31:46'),(201,92,'Montana Boehm III','Qui eveniet labore eos eum et rerum. Asperiores delectus sed voluptas. Pariatur similique eveniet ut.',2,'2018-04-22 01:31:46','2018-04-22 01:31:46'),(202,67,'Stefan Brekke','At ad non tempore est. Et rerum excepturi quia ipsa repudiandae qui tempore optio. Cum quia ratione distinctio quidem. Sunt corporis voluptas rem nemo qui.',4,'2018-04-22 01:31:46','2018-04-22 01:31:46'),(203,10,'Dr. Krystel Lind','Autem et et ipsam dolore saepe. Qui dicta maiores magni ex recusandae. Error deserunt doloremque quis autem illo laboriosam qui. Commodi dolores quia corrupti.',4,'2018-04-22 01:31:46','2018-04-22 01:31:46'),(204,81,'Darby Zulauf','Non ratione autem eos ut rem. Molestiae rem aut vel voluptas exercitationem occaecati. Aperiam ex nam qui amet rem consequuntur.',2,'2018-04-22 01:31:46','2018-04-22 01:31:46'),(205,63,'Ms. Sienna Bergnaum I','Tempora a voluptate et omnis. Similique nam magnam incidunt quis numquam. Quaerat dolores voluptates sit praesentium. Mollitia nisi autem ut hic illum asperiores suscipit et.',1,'2018-04-22 01:31:46','2018-04-22 01:31:46'),(206,80,'Randal Abbott','Rerum pariatur et iste ea temporibus quam eum. Ex possimus ea quia veniam.',1,'2018-04-22 01:31:46','2018-04-22 01:31:46'),(207,64,'Gerda Sauer','Voluptatum mollitia tenetur maxime eligendi voluptas. Occaecati culpa quos quis temporibus. Sint nobis dolorem dolorum amet quaerat est ut. Sunt qui quisquam qui possimus eius perspiciatis atque.',0,'2018-04-22 01:31:46','2018-04-22 01:31:46'),(208,36,'Milo DuBuque','Dignissimos rem sequi voluptates laudantium. Rem unde id dolorem quia praesentium quia. Quisquam iusto eaque quia sed officiis est. Et provident possimus nisi sed commodi.',3,'2018-04-22 01:31:46','2018-04-22 01:31:46'),(209,65,'Grayson Rosenbaum V','Qui aut magni ut ex. Nihil nisi vel est tenetur. Dolores pariatur ut praesentium et. Et assumenda eos quis veritatis qui at. Eligendi non dolor suscipit suscipit.',0,'2018-04-22 01:31:46','2018-04-22 01:31:46'),(210,78,'Prof. Ethyl Beier Jr.','Mollitia qui vero rerum officiis magni velit. In odit maiores mollitia saepe perferendis asperiores. Quas ut ut iste a corrupti nam sit. Qui voluptatem aut ratione voluptatem dolores sint. Temporibus aut et perspiciatis cum libero perspiciatis est praesentium.',1,'2018-04-22 01:31:46','2018-04-22 01:31:46'),(211,65,'Emily Bernier','Assumenda voluptate consequatur asperiores laboriosam tenetur. In cupiditate sunt qui omnis et accusantium eos. Sint culpa fugiat officia perferendis hic natus quam. Odio id id porro alias beatae.',3,'2018-04-22 01:31:46','2018-04-22 01:31:46'),(212,28,'Vincenza Kirlin','Aut necessitatibus nostrum sit omnis. Numquam perferendis beatae expedita blanditiis est iste. Iste fuga ipsum suscipit autem pariatur tempore sint deleniti.',4,'2018-04-22 01:31:46','2018-04-22 01:31:46'),(213,62,'Malvina Lakin','Minima dolore amet rerum aspernatur harum facilis. Explicabo tempora deleniti cumque et. Aut sint veritatis veniam esse odit. Odio quidem excepturi et officiis.',2,'2018-04-22 01:31:46','2018-04-22 01:31:46'),(214,20,'Rhiannon Legros DVM','Reprehenderit aliquam eum dolores inventore fuga numquam. Qui labore adipisci sed incidunt qui exercitationem quas. Et sint et modi voluptatem. Qui doloremque illo porro.',2,'2018-04-22 01:31:46','2018-04-22 01:31:46'),(215,23,'Ms. Maida Ankunding','Recusandae minus et aut est a nisi aut. Modi quo quia in.',3,'2018-04-22 01:31:46','2018-04-22 01:31:46'),(216,81,'Miss Sarah Braun DVM','Voluptas odio odit praesentium nam deleniti. Et modi velit ullam. Quisquam cum id consectetur et impedit nesciunt. Ipsam harum eum sit enim molestiae molestiae.',3,'2018-04-22 01:31:46','2018-04-22 01:31:46'),(217,57,'Maribel Barrows','Tenetur dolor modi tempore rerum mollitia. Debitis voluptatem qui nam nulla voluptate rerum. Animi qui commodi minus est maxime.',2,'2018-04-22 01:31:46','2018-04-22 01:31:46'),(218,16,'Jefferey Strosin','Neque excepturi nihil est reiciendis. Quod vero eaque qui aut rerum hic quam nobis. Est neque voluptates quia impedit ut.',2,'2018-04-22 01:31:46','2018-04-22 01:31:46'),(219,87,'Rosario Upton I','Et molestiae quis recusandae debitis. Expedita quo quae est accusantium. Repudiandae qui illo dolores aut.',3,'2018-04-22 01:31:46','2018-04-22 01:31:46'),(220,98,'Ian Gottlieb','Aut dolor sequi sunt fuga dolore. Quia velit et minus animi quia illum. Sint rerum quidem laudantium deserunt.',4,'2018-04-22 01:31:46','2018-04-22 01:31:46'),(221,95,'Fernando Murray','Et non numquam vero necessitatibus impedit ea fuga. Blanditiis dolore in eos. Eos eligendi illum itaque.',5,'2018-04-22 01:31:46','2018-04-22 01:31:46'),(222,24,'Ms. Yadira Senger','Voluptates molestiae autem enim aut. Et quis asperiores corporis consequatur facere aliquid qui. Sapiente minima dolor laborum voluptatem dolorum nam. Ad quisquam perspiciatis dolor qui.',0,'2018-04-22 01:31:46','2018-04-22 01:31:46'),(223,88,'Jensen Welch','Eum sed officiis velit ex quae est nesciunt. Occaecati omnis assumenda optio dolorem.',5,'2018-04-22 01:31:46','2018-04-22 01:31:46'),(224,51,'Dewitt Boyle','Nesciunt culpa in quia quia. Maxime dolore iusto animi itaque nemo. Libero animi labore possimus.',4,'2018-04-22 01:31:46','2018-04-22 01:31:46'),(225,36,'Anahi Pollich','Nulla rem omnis suscipit commodi qui et reiciendis. Consequatur cupiditate vel qui deleniti ea. Quis dolorum enim repellat velit nihil.',5,'2018-04-22 01:31:46','2018-04-22 01:31:46'),(226,4,'Kylie Pacocha III','Aut sed qui aliquam dolore voluptatum omnis occaecati officiis. Assumenda facilis labore dolor quidem. Exercitationem voluptatem est voluptatem iste quam.',2,'2018-04-22 01:31:46','2018-04-22 01:31:46'),(227,66,'Prof. Antonetta Rau','Hic ipsum qui deserunt et commodi nulla sit. Rerum est sed quos. Et nobis aliquid odio quaerat dignissimos quia eveniet. Non nam sequi voluptatem omnis dicta occaecati et expedita.',5,'2018-04-22 01:31:46','2018-04-22 01:31:46'),(228,18,'Chris Kessler','Recusandae architecto unde placeat. Qui nulla corrupti consequuntur quibusdam dolorem.',5,'2018-04-22 01:31:46','2018-04-22 01:31:46'),(229,70,'Aurelie Wehner','Soluta magnam in qui ut dolor optio voluptates. Repudiandae at aut possimus tempora. Ea consequatur adipisci soluta at tenetur. Quaerat esse sint rerum temporibus debitis officia architecto.',3,'2018-04-22 01:31:46','2018-04-22 01:31:46'),(230,11,'Miss Effie McKenzie','Facilis ut corporis aut quibusdam ducimus non. Dolor doloribus nostrum et accusantium distinctio expedita. Facilis eos et et vel voluptates quia.',2,'2018-04-22 01:31:46','2018-04-22 01:31:46'),(231,95,'Ismael Koss MD','Excepturi ratione nihil reiciendis pariatur laborum vel quo voluptatem. Cumque repudiandae eos magni reprehenderit debitis. Qui minima quod corporis voluptatibus enim repellendus voluptas tempore.',4,'2018-04-22 01:31:46','2018-04-22 01:31:46'),(232,44,'Mr. Dave Hodkiewicz III','Dolores non qui voluptatem corrupti laborum. Voluptate nesciunt est sunt et aspernatur et adipisci ea. Ut id iusto veniam ex aliquam temporibus eius ut.',1,'2018-04-22 01:31:46','2018-04-22 01:31:46'),(233,60,'Mr. Lourdes Reynolds PhD','Sed et quasi occaecati ut ut odio. Facilis cupiditate est expedita rerum.',2,'2018-04-22 01:31:46','2018-04-22 01:31:46'),(234,17,'Patsy Gleichner','Est illo neque aliquam ut et. Eius beatae error suscipit necessitatibus et quaerat ea. Et maiores ratione animi.',0,'2018-04-22 01:31:46','2018-04-22 01:31:46'),(235,59,'Ms. Cara Rutherford II','Adipisci esse odit consequuntur est ipsam. Inventore quam voluptates eos impedit. Qui iure numquam est molestiae nisi.',4,'2018-04-22 01:31:46','2018-04-22 01:31:46'),(236,57,'Yessenia Nolan','Et quod dolorem ad assumenda illo. Velit excepturi dignissimos est ut veniam eveniet ut. Provident fugit et repudiandae aut doloribus.',5,'2018-04-22 01:31:46','2018-04-22 01:31:46'),(237,43,'Amaya Krajcik','Qui quibusdam tempore et rerum iusto praesentium nam. In dolores nemo alias dolore nulla id. Sint assumenda commodi est. Consequatur fugit consectetur repellat sapiente.',2,'2018-04-22 01:31:46','2018-04-22 01:31:46'),(238,68,'Damon Eichmann','Dolores quibusdam sed dolorem dolores ullam quasi dolore. Distinctio odit fuga sed voluptas veniam ea. Quibusdam qui ipsa dolor quidem. Pariatur architecto voluptatem ut ratione deleniti.',0,'2018-04-22 01:31:46','2018-04-22 01:31:46'),(239,12,'Miss Vivian Kautzer I','Eveniet ea voluptatem dolor alias et at qui. Provident inventore itaque fugit adipisci quis. Beatae sequi iure et et asperiores fugiat libero.',1,'2018-04-22 01:31:46','2018-04-22 01:31:46'),(240,31,'Miss Katlynn Schinner','Veniam omnis necessitatibus perferendis et sint omnis. Sed non nesciunt quis quam. Enim qui in suscipit laudantium. Nemo aut aliquid consequatur cum.',1,'2018-04-22 01:31:46','2018-04-22 01:31:46'),(241,34,'Prof. Clemmie Legros','Molestiae a voluptates et voluptate. Inventore tempore minima adipisci non ad illum. Aut nostrum qui ipsam culpa.',0,'2018-04-22 01:31:46','2018-04-22 01:31:46'),(242,62,'Jordyn Wunsch','Alias quia et omnis unde iste. Quibusdam perspiciatis tenetur natus.',3,'2018-04-22 01:31:46','2018-04-22 01:31:46'),(243,27,'Prof. Teresa Brekke','Fugit nobis et mollitia voluptatum qui. Et laudantium amet ad ipsum et.',5,'2018-04-22 01:31:46','2018-04-22 01:31:46'),(244,11,'Lorna Gleichner','Ut voluptatibus ut ab sunt officiis. Corporis eos occaecati molestias est ullam perferendis sequi enim. Magni sint ut excepturi vero deleniti nisi.',5,'2018-04-22 01:31:46','2018-04-22 01:31:46'),(245,23,'Jarrell Kling','Sit ea enim vel aliquam doloremque asperiores vitae. Distinctio voluptatum mollitia soluta sint aut cupiditate. Veniam perferendis soluta nam quod sunt.',1,'2018-04-22 01:31:46','2018-04-22 01:31:46'),(246,100,'Horacio Murazik','Culpa id iure sunt asperiores quia. Tenetur sunt blanditiis ea quam et ipsum fugiat.',4,'2018-04-22 01:31:46','2018-04-22 01:31:46'),(247,10,'Lisette Hyatt','Odit voluptatem enim aliquam a. Aliquid ut beatae aut provident accusantium quos aut fugiat. Maiores corporis assumenda quibusdam omnis.',1,'2018-04-22 01:31:46','2018-04-22 01:31:46'),(248,46,'Alverta Auer','Nisi aut ut quo maiores tempora dolor commodi. Eligendi ut sapiente fugiat quo quod delectus. Et distinctio iste ut ipsum qui aut ut labore.',5,'2018-04-22 01:31:46','2018-04-22 01:31:46'),(249,45,'Lelah Gaylord','Quis itaque et vero velit quia. Iure nemo molestiae ea recusandae iste aut praesentium. Qui enim ut sed autem tempore.',0,'2018-04-22 01:31:46','2018-04-22 01:31:46'),(250,99,'Estelle Witting','Minus neque modi reiciendis tempora fugiat maxime. Architecto et consequatur omnis. Sit ut ut fugiat ut accusamus consectetur omnis.',5,'2018-04-22 01:31:46','2018-04-22 01:31:46'),(251,85,'Jordyn Weissnat','Sint qui magnam corrupti qui. Cumque esse rerum dolorem ut est.',4,'2018-04-22 01:31:46','2018-04-22 01:31:46'),(252,83,'Mrs. Gretchen Kassulke PhD','Perferendis ad non sit doloribus dolorum quod quisquam. Recusandae quam cupiditate dolores impedit laborum. Illo alias cum magnam maiores quos sint. Accusantium voluptas ut dicta eveniet dicta eligendi voluptatibus qui.',4,'2018-04-22 01:31:46','2018-04-22 01:31:46'),(253,39,'Ms. Felicity Fadel','Veritatis necessitatibus laboriosam aliquid eius nobis hic et omnis. Rem aliquid quo numquam qui suscipit omnis quia harum. Consequatur nam dolorem facere possimus consequuntur.',1,'2018-04-22 01:31:46','2018-04-22 01:31:46'),(254,45,'Ransom Mayert MD','Qui ipsa et quia ut voluptate aut voluptas. Tempore harum accusantium temporibus qui est dolores. Voluptatibus eum repellendus eveniet laborum nihil nostrum ea.',3,'2018-04-22 01:31:46','2018-04-22 01:31:46'),(255,45,'Tyrell Wyman','Rem voluptas eum dolores enim molestiae sed. Numquam incidunt ut quas facilis suscipit assumenda corporis. Enim soluta voluptatum accusantium velit nemo autem est.',3,'2018-04-22 01:31:46','2018-04-22 01:31:46'),(256,67,'Ettie Satterfield PhD','Ea ab dolorum ratione ullam vel libero minima. Laborum porro ut alias accusantium. Odit molestias nesciunt non dolore. Id eaque tenetur sed aut possimus consequuntur voluptas.',1,'2018-04-22 01:31:46','2018-04-22 01:31:46'),(257,95,'Mr. Cristopher Will','Voluptatem nulla totam quos odio. Possimus similique molestiae sit aspernatur laboriosam quidem veniam velit. Animi rerum tempora et cum. Velit expedita ipsam in quaerat porro sit quos.',5,'2018-04-22 01:31:46','2018-04-22 01:31:46'),(258,73,'Prof. Billie Leffler','Cum odio quas eos facilis aperiam libero incidunt sit. Voluptatem deleniti deserunt facilis aut ducimus. Ducimus repellat illum odio quasi minus.',1,'2018-04-22 01:31:46','2018-04-22 01:31:46'),(259,1,'Jaylan Dietrich','Aut sit ut non ipsam similique enim est. Aut quidem laborum id in atque soluta suscipit. Earum omnis sunt tempore nihil sit eum cumque. Inventore velit autem ut quo est veniam. Distinctio quam saepe quod.',4,'2018-04-22 01:31:46','2018-04-22 01:31:46'),(260,63,'Mrs. Sydni Mante Sr.','Qui dolore deserunt numquam ipsum et quaerat. Qui ipsam sed et est ipsum quaerat alias. Et consequuntur ullam ad dolorem.',3,'2018-04-22 01:31:46','2018-04-22 01:31:46'),(261,69,'Bernhard Becker','Aut explicabo minima omnis quasi et. Asperiores facilis qui similique quia. Unde architecto a veritatis. Officiis necessitatibus aut tempore aspernatur omnis porro autem.',5,'2018-04-22 01:31:46','2018-04-22 01:31:46'),(262,85,'Destinee Weissnat PhD','Porro exercitationem dolores saepe ut. Quis tempore et laboriosam rem aut. Et consequatur rerum quam omnis iusto asperiores maiores.',4,'2018-04-22 01:31:46','2018-04-22 01:31:46'),(263,78,'Effie Lynch','Ipsum molestiae in laboriosam. Sed architecto debitis sint aut. Ut necessitatibus architecto natus ullam.',5,'2018-04-22 01:31:46','2018-04-22 01:31:46'),(264,40,'Mr. Avery Fay','Asperiores a labore est distinctio est asperiores. In doloribus qui ullam ex laboriosam architecto. Eligendi placeat ex voluptates beatae.',0,'2018-04-22 01:31:46','2018-04-22 01:31:46'),(265,81,'Elmo Rempel','Dolorum error qui eaque libero. Magni rerum adipisci quis eos neque. Temporibus eaque quia ullam repellat sed. Sed error fuga expedita earum ipsum.',4,'2018-04-22 01:31:46','2018-04-22 01:31:46'),(266,100,'Dr. Issac Schoen','Non dolor est cum omnis ipsum officia et. Corporis fugit itaque impedit magni. Dolores molestiae quasi fugiat qui dolorem cum quo doloremque. Provident earum veniam vel non nihil.',2,'2018-04-22 01:31:46','2018-04-22 01:31:46'),(267,78,'Prof. Godfrey Rice','Non debitis quaerat laudantium deleniti quia maxime neque. Nulla necessitatibus est delectus et. Omnis voluptatem sint quia provident quis blanditiis. Similique aliquid nihil asperiores.',3,'2018-04-22 01:31:46','2018-04-22 01:31:46'),(268,20,'Dr. Merl Crist Sr.','Voluptatum rerum enim laboriosam expedita corporis quidem. Et iusto quia magnam consequatur quis quos. Officiis ea natus aliquid aut rerum blanditiis. Nulla repellat dolorem enim sint corporis voluptas.',4,'2018-04-22 01:31:46','2018-04-22 01:31:46'),(269,24,'Ms. Macy Altenwerth','Mollitia cupiditate et consectetur quam occaecati. Laudantium id quibusdam unde odit nihil nisi culpa. Aliquam blanditiis quis consequatur doloremque incidunt aut assumenda.',0,'2018-04-22 01:31:46','2018-04-22 01:31:46'),(270,35,'Brionna Koepp','Ratione explicabo voluptas officia ut enim officiis dolore mollitia. Voluptate tempore ut aspernatur omnis fuga. Mollitia consectetur enim ea eos amet et. Possimus iure qui beatae minus et.',4,'2018-04-22 01:31:46','2018-04-22 01:31:46'),(271,64,'Victoria Ward','Consequatur voluptates quae expedita non laudantium consequatur tempora nam. Est sed omnis molestiae id est est magni. Non neque cupiditate aut qui sunt magnam consequatur quia.',0,'2018-04-22 01:31:46','2018-04-22 01:31:46'),(272,95,'Heloise Jacobi','Magnam error praesentium aliquid ut voluptatem. Adipisci ut molestiae quidem omnis amet doloremque. Consequatur nulla inventore ipsum in debitis. Vero possimus ipsam consequatur.',0,'2018-04-22 01:31:46','2018-04-22 01:31:46'),(273,11,'Retta Ritchie DDS','Ut quidem aliquam aut cumque fuga amet. Est placeat dolorum doloribus hic ut eos dolor et. Consequuntur quia similique doloremque. A facilis at nostrum tempore qui iure.',4,'2018-04-22 01:31:46','2018-04-22 01:31:46'),(274,9,'Ms. Annie Gulgowski','Error rerum quia non molestias corporis. A nesciunt possimus sit et vitae rerum eos. Ut laboriosam molestiae enim praesentium et. Eligendi illum voluptas sit nisi adipisci.',5,'2018-04-22 01:31:46','2018-04-22 01:31:46'),(275,30,'Dr. Arnoldo Cruickshank','Facilis ratione ducimus et qui recusandae. Aut quod est accusamus aperiam accusamus. Et rem cupiditate temporibus omnis ipsum consequatur.',4,'2018-04-22 01:31:46','2018-04-22 01:31:46'),(276,90,'Emelie Kirlin','Repellat qui delectus est harum corporis. Cupiditate voluptas enim et aspernatur dolore. Odit enim dolorum fuga placeat harum hic qui deserunt. Soluta optio ducimus et sint tempora.',3,'2018-04-22 01:31:46','2018-04-22 01:31:46'),(277,29,'Prof. Jeramie Schoen Jr.','Non ad nemo deleniti et id. Molestias rem cupiditate et eum dolorem sit ab aperiam. Quo et dicta suscipit sequi. Ut culpa sint impedit.',3,'2018-04-22 01:31:46','2018-04-22 01:31:46'),(278,62,'Mr. Andres Watsica','Sit aut maiores ut sint. Occaecati voluptatum recusandae qui at facilis impedit sunt. Quidem ullam tenetur sint aut cum.',2,'2018-04-22 01:31:46','2018-04-22 01:31:46'),(279,88,'Terrill Mayer','Sequi beatae tenetur ut consequatur iure. Officiis quia et aperiam odio. Beatae unde repellat eius et magni dolores velit. Sunt numquam libero autem sed. Dolorem ducimus voluptas sint impedit.',2,'2018-04-22 01:31:46','2018-04-22 01:31:46'),(280,41,'Cheyanne O\'Connell','Rerum omnis vitae est iure. Et rerum et commodi voluptas. Unde rerum ipsa libero temporibus. Dolores aspernatur voluptatem ipsa exercitationem mollitia.',1,'2018-04-22 01:31:46','2018-04-22 01:31:46'),(281,17,'Aisha Hammes','Autem qui in ut quisquam. Alias odit at nisi neque ipsa error rerum nesciunt. Occaecati quisquam id rerum rerum quasi repudiandae natus. Unde ea odit molestiae. Sed rerum eaque dolorum nobis tenetur cupiditate distinctio at.',3,'2018-04-22 01:31:46','2018-04-22 01:31:46'),(282,87,'Mathilde Thiel','Enim labore est quia error quo sit. Culpa earum corporis eligendi non. Perspiciatis minus aut quam in deserunt ut neque. Fugiat deserunt modi iusto unde omnis qui.',5,'2018-04-22 01:31:46','2018-04-22 01:31:46'),(283,29,'Frederik Abshire','Doloremque rem in occaecati cum incidunt blanditiis et quia. Accusamus architecto tempore perferendis quidem dolores facilis quidem explicabo. Quaerat unde quo voluptatum. Tempore delectus deserunt odio ratione ea mollitia voluptas.',4,'2018-04-22 01:31:46','2018-04-22 01:31:46'),(284,49,'Delaney Fay I','Est incidunt quia rerum id quod rerum. Sed consequatur exercitationem iure animi ut id ipsum. Adipisci laudantium excepturi numquam vero atque beatae cupiditate.',5,'2018-04-22 01:31:46','2018-04-22 01:31:46'),(285,99,'Dr. Imani Moen PhD','Aut est vel voluptatem tempora et qui labore in. Vitae distinctio sit voluptas impedit iste rerum. Quo et qui earum mollitia veritatis et veniam. Eos ipsa qui dignissimos dolor voluptatibus perspiciatis commodi.',2,'2018-04-22 01:31:46','2018-04-22 01:31:46'),(286,59,'Desmond Murray','Sed tempora debitis rerum odit aut quos dolore. Eum voluptates reiciendis debitis tempore. Consequuntur est ipsum non eum assumenda debitis.',1,'2018-04-22 01:31:46','2018-04-22 01:31:46'),(287,90,'Rebeca Moore','Itaque aut sit vel sed illum est. Molestiae vel tenetur officia voluptates. Optio aliquid non necessitatibus beatae. Aut dolor autem corporis exercitationem.',4,'2018-04-22 01:31:46','2018-04-22 01:31:46'),(288,24,'Allan Jakubowski','Distinctio recusandae deserunt animi in error ut. Quam molestiae qui quis perferendis fugiat. Autem sunt est qui veritatis rerum est at earum.',0,'2018-04-22 01:31:46','2018-04-22 01:31:46'),(289,99,'Lavinia Beier','Tempore velit odit voluptatem inventore recusandae ut placeat. Incidunt rerum qui et quam non aut ut. Sit voluptatem et et nihil rerum.',2,'2018-04-22 01:31:46','2018-04-22 01:31:46'),(290,9,'Arvel Lindgren','Expedita delectus mollitia voluptatum. Odio sit et architecto nam magni tenetur omnis. Non totam blanditiis expedita dignissimos molestiae non. Alias deleniti natus cumque labore at.',0,'2018-04-22 01:31:46','2018-04-22 01:31:46'),(291,5,'Aleen Ruecker PhD','Iure laudantium molestiae qui aliquam sint. Culpa sint necessitatibus ea nam tenetur sed pariatur. Possimus voluptatem ex asperiores. Quas quia velit provident et ut. Officia quisquam cupiditate debitis ratione totam consequatur voluptatem.',1,'2018-04-22 01:31:46','2018-04-22 01:31:46'),(292,65,'Jazmyne Kirlin','Sed quaerat pariatur vitae eum commodi qui dolores. Error facere dolor odit deleniti. Dolores possimus in aperiam iure. Earum labore repellat repellendus non officia.',1,'2018-04-22 01:31:46','2018-04-22 01:31:46'),(293,46,'Reyna Tillman','Consectetur autem impedit molestias ad pariatur harum numquam. Aut voluptates odit rem a dolorem. Et ipsum quae perferendis asperiores ipsam dolorum consequatur.',3,'2018-04-22 01:31:46','2018-04-22 01:31:46'),(294,42,'Ebba Lebsack','Sunt explicabo exercitationem quod in architecto. Quae ducimus laboriosam quia aut eaque voluptate. Assumenda quod amet autem. Quasi quod deleniti sint voluptatem.',2,'2018-04-22 01:31:46','2018-04-22 01:31:46'),(295,85,'Alphonso McLaughlin','Voluptatem delectus non molestiae et officiis. Doloribus rerum ut fugit excepturi. Omnis animi ut aspernatur temporibus quia rem sed.',4,'2018-04-22 01:31:46','2018-04-22 01:31:46'),(296,96,'Kennith Ryan','Iusto nemo exercitationem sunt laudantium ut eius tenetur. Asperiores cum recusandae officiis laboriosam dolorum quis nostrum.',0,'2018-04-22 01:31:46','2018-04-22 01:31:46'),(297,77,'Laury Schneider DDS','Ratione quia voluptatem perferendis ut similique temporibus expedita. Dignissimos quasi sit aspernatur fugiat velit inventore. Enim rem aperiam facilis quam provident et. Qui non quam nisi rem quia architecto. Suscipit nemo omnis nemo est corporis inventore rem.',5,'2018-04-22 01:31:46','2018-04-22 01:31:46'),(298,81,'Kamille O\'Keefe','Maxime cum cum earum. Ab nobis aperiam esse omnis voluptate. Quibusdam non alias quos ut.',1,'2018-04-22 01:31:46','2018-04-22 01:31:46'),(299,84,'Mrs. Emie Dibbert','Voluptas tempora voluptates rem ratione. Est beatae qui aliquam dolor rem debitis. Tempora suscipit corporis occaecati et.',1,'2018-04-22 01:31:46','2018-04-22 01:31:46'),(300,17,'Salvador Schamberger','Magni voluptates explicabo sit architecto est natus. Ut atque magnam commodi animi adipisci. Voluptatem esse possimus quasi fugiat omnis quo quo.',3,'2018-04-22 01:31:46','2018-04-22 01:31:46');
/*!40000 ALTER TABLE `reviews` ENABLE KEYS */;
UNLOCK TABLES;

--
-- Table structure for table `users`
--

DROP TABLE IF EXISTS `users`;
/*!40101 SET @saved_cs_client     = @@character_set_client */;
/*!40101 SET character_set_client = utf8 */;
CREATE TABLE `users` (
  `id` int(10) unsigned NOT NULL AUTO_INCREMENT,
  `name` varchar(255) COLLATE utf8mb4_unicode_ci NOT NULL,
  `email` varchar(255) COLLATE utf8mb4_unicode_ci NOT NULL,
  `password` varchar(255) COLLATE utf8mb4_unicode_ci NOT NULL,
  `remember_token` varchar(100) COLLATE utf8mb4_unicode_ci DEFAULT NULL,
  `created_at` timestamp NULL DEFAULT NULL,
  `updated_at` timestamp NULL DEFAULT NULL,
  PRIMARY KEY (`id`),
  UNIQUE KEY `users_email_unique` (`email`)
) ENGINE=InnoDB DEFAULT CHARSET=utf8mb4 COLLATE=utf8mb4_unicode_ci;
/*!40101 SET character_set_client = @saved_cs_client */;

--
-- Dumping data for table `users`
--

LOCK TABLES `users` WRITE;
/*!40000 ALTER TABLE `users` DISABLE KEYS */;
/*!40000 ALTER TABLE `users` ENABLE KEYS */;
UNLOCK TABLES;

--
-- Dumping routines for database 'eapi'
--
/*!40103 SET TIME_ZONE=@OLD_TIME_ZONE */;

/*!40101 SET SQL_MODE=@OLD_SQL_MODE */;
/*!40014 SET FOREIGN_KEY_CHECKS=@OLD_FOREIGN_KEY_CHECKS */;
/*!40014 SET UNIQUE_CHECKS=@OLD_UNIQUE_CHECKS */;
/*!40101 SET CHARACTER_SET_CLIENT=@OLD_CHARACTER_SET_CLIENT */;
/*!40101 SET CHARACTER_SET_RESULTS=@OLD_CHARACTER_SET_RESULTS */;
/*!40101 SET COLLATION_CONNECTION=@OLD_COLLATION_CONNECTION */;
/*!40111 SET SQL_NOTES=@OLD_SQL_NOTES */;

-- Dump completed on 2018-04-22 15:43:47
